,Rank,Artists,Title
0,1,Queen,Bohemian Rhapsody
1,2,Coldplay,Fix You
2,3,Eagles,Hotel California
3,4,Danny Vera,Roller Coaster
4,5,Billy Joel,Piano Man
5,6,Dermot Kennedy,Better Days
6,7,Led Zeppelin,Stairway To Heaven
7,8,Boudewijn de Groot,Avond
8,9,Queen,Love Of My Life
9,10,Pearl Jam,Black
10,11,Metallica,Nothing Else Matters
11,12,Pink Floyd,Wish You Were Here
12,13,Disturbed,The Sound Of Silence
13,14,DI-RECT,Soldier On
14,15,Pink Floyd,Comfortably Numb
15,16,Dire Straits,Sultans Of Swing
16,17,Guns N' Roses,November Rain
17,18,Dire Straits,Brothers In Arms
18,19,Deep Purple,Child In Time
19,20,Golden Earring,Radar Love
20,21,Racoon,Oceaan
21,22,The Cure,A Forest
22,23,Dire Straits,Telegraph Road
23,24,Toto,Africa
24,25,Pink Floyd,Shine On You Crazy Diamond
25,26,Coldplay,Viva La Vida
26,27,Metallica,One
27,28,Linkin Park,In The End
28,29,Prince,Purple Rain
29,30,AC/DC,Thunderstruck
30,31,David Bowie,Heroes
31,32,Queen,Innuendo
32,33,Metallica,Master Of Puppets
33,34,Michael Kiwanuka,Cold Little Heart
34,35,Fleetwood Mac,The Chain
35,36,Meat Loaf,Paradise By The Dashboard Light
36,37,Bruce Springsteen,The River
37,38,Nirvana,Smells Like Teen Spirit
38,39,Fleetwood Mac,Go Your Own Way
39,40,Nothing But Thieves,Impossible
40,41,Simon,The Sound Of Silence
41,42,Klein Orkest,Over De Muur
42,43,Pearl Jam,Just Breathe
43,44,Lady Gaga,Shallow
44,45,Phil Collins,In The Air Tonight
45,46,John Lennon,Imagine
46,47,Rage Against The Machine,Killing In The Name
47,48,Eminem,Lose Yourself
48,49,ABBA,Dancing Queen
49,50,Queen,Don't Stop Me Now
50,51,Supertramp,Fool's Overture
51,52,Coldplay,Yellow
52,53,The Beach Boys,God Only Knows
53,54,Radiohead,Creep
54,55,Tom Odell,Another Love
55,56,Amy Winehouse,Back To Black
56,57,Wim Sonneveld,Het Dorp
57,58,Metallica,Enter Sandman
58,59,Supertramp,School
59,60,Johnny Cash,Hurt
60,61,Miss Montreal,Door De Wind
61,62,Guns N' Roses,Sweet Child O' Mine
62,63,Stef Bos,Papa
63,64,U2,Sunday Bloody Sunday
64,65,George Michael,Somebody To Love
65,66,The Beatles,Here Comes The Sun
66,67,Coldplay,Clocks
67,68,Queen,Who Wants To Live Forever
68,69,Paolo Nutini,Iron Sky
69,70,Robbie Williams,Angels
70,71,Volbeat,Lola Montez
71,72,Coldplay,The Scientist
72,73,Pearl Jam,Alive
73,74,Queen,The Show Must Go On
74,75,Dire Straits,Private Investigations
75,76,The Alan Parsons Project,Old And Wise
76,77,Dolly Parton,Jolene
77,78,Acda en De Munnik,Het Regent Zonnestralen
78,79,Muse,Uprising
79,80,Guus Meeuwis,Brabant
80,81,Electric Light Orchestra,Mr. Blue Sky
81,82,Journey,Don't Stop Believin'
82,83,Depeche Mode,Enjoy The Silence
83,84,The Cranberries,Zombie
84,85,U2,One
85,86,The Rolling Stones,Angie
86,87,The Beatles,Blackbird
87,88,Son Mieux,Tonight
88,89,Coldplay,A Sky Full Of Stars
89,90,Simon,Bridge Over Troubled Water
90,91,Fleetwood Mac,Dreams
91,92,The Killers,Mr. Brightside
92,93,Dire Straits,Money For Nothing
93,94,Liesbeth List,Pastorale
94,95,Pink Floyd,Another Brick In The Wall
95,96,Simple Minds,Belfast Child
96,97,U2,Where The Streets Have No Name
97,98,The Rolling Stones,Paint It Black
98,99,Kensington,Sorry
99,100,AC/DC,Highway To Hell
100,101,Creedence Clearwater Revival,Have You Ever Seen The Rain
101,102,The Verve,Bitter Sweet Symphony
102,103,Golden Earring,When The Lady Smiles
103,104,Floor Jansen,Phantom Of The Opera
104,105,Elvis Presley,Suspicious Minds
105,106,Muse,Knights Of Cydonia
106,107,Snow Patrol,Chasing Cars
107,108,The Goo Goo Dolls,Iris
108,109,Red Hot Chili Peppers,Under The Bridge
109,110,The Rolling Stones,Sympathy For The Devil
110,111,Rammstein,Deutschland
111,112,Rammstein,Sonne
112,113,Procol Harum,A Whiter Shade Of Pale
113,114,George Michael,Careless Whisper
114,115,Queen,Under Pressure
115,116,Kate Bush,Wuthering Heights
116,117,The Doors,Riders On The Storm
117,118,AC/DC,Whole Lotta Rosie
118,119,Rammstein,Du Hast
119,120,Oasis,Don't Look Back In Anger
120,121,Keane,Somewhere Only We Know
121,122,Black Sabbath,Paranoid
122,123,The Rolling Stones,Gimme Shelter
123,124,Chris Stapleton,Tennessee Whiskey
124,125,Harry Styles,Sign Of The Times
125,126,R.E.M.,Losing My Religion
126,127,Alphaville,Forever Young
127,128,U2,I Still Haven't Found What I'm Looking For
128,129,Nick Cave,Into My Arms
129,130,U2,With Or Without You
130,131,The Beatles,Yesterday
131,132,Son Mieux,Multicolor
132,133,Sting,Fields Of Gold
133,134,The Beatles,Hey Jude
134,135,Elton John,Your Song
135,136,The Beatles,Let It Be
136,137,Van Dik Hout,Stil In Mij
137,138,Sinéad O'Connor,Troy
138,139,Joost,Europapa
139,140,Creedence Clearwater Revival,Fortunate Son
140,141,Foo Fighters,The Pretender
141,142,De Jeugd Van Tegenwoordig,Sterrenstof
142,143,ABBA,The Winner Takes It All
143,144,Michael Jackson,Billie Jean
144,145,Claudia de Breij,Mag Ik Dan Bij Jou
145,146,Bruce Springsteen,Dancing In The Dark
146,147,The Animals,The House Of The Rising Sun
147,148,Aerosmith,Dream On
148,149,Kate Bush,Running Up That Hill
149,150,Bruce Springsteen,Streets Of Philadelphia
150,151,Barbara Pravi,Voila
151,152,Jason Paige,Gotta Catch 'Em All
152,153,System Of A Down,Chop Suey!
153,154,ABBA,Gimme Gimme Gimme
154,155,Sinéad O'Connor,Nothing Compares 2 U
155,156,Michael Jackson,Earth Song
156,157,Tracy Chapman,Fast Car
157,158,Bryan Adams,Summer Of '69
158,159,David Bowie,Space Oddity
159,160,De Dijk,Dansen Op De Vulkaan
160,161,Iron Maiden,Fear Of The Dark
161,162,Oasis,Wonderwall
162,163,Otis Redding,The Dock Of The Bay
163,164,The Moody Blues,Nights In White Satin
164,165,BLØF ,Zoutelande
165,166,Eric Clapton,Tears In Heaven
166,167,André Hazes,Kleine Jongen
167,168,Anouk,Nobody's Wife
168,169,Faithless,Insomnia
169,170,Falco,Jeanny
170,171,Nirvana,Come As You Are
171,172,Leonard Cohen,Hallelujah
172,173,Billy Joel,Goodnight Saigon
173,174,Ike,Proud Mary
174,175,Adele,Someone Like You
175,176,Sting,Fragile
176,177,Kenny Rogers,Islands In The Stream
177,178,Linkin Park,Numb
178,179,Pink Floyd,Echoes
179,180,Foo Fighters,Everlong
180,181,Bob Marley,Three Little Birds
181,182,Ramses Shaffy,Laat Me
182,183,Simple Minds,Don't You
183,184,Goldband,Noodgeval
184,185,Nothing But Thieves,Overcome
185,186,Stromae,Formidable
186,187,Marco Schuitmaker,Engelbewaarder
187,188,Red Hot Chili Peppers,Californication
188,189,Eagles,The Last Resort
189,190,Bon Jovi,Bed Of Roses
190,191,Kyteman,Sorry
191,192,Kensington,Uncharted
192,193,Neil Diamond,Sweet Caroline
193,194,Lady Gaga,Die With A Smile
194,195,The Amazing Stroopwafels,Oude Maasweg
195,196,Adele,Rolling In The Deep
196,197,One Direction,Story Of My Life
197,198,Taylor Swift,All Too Well
198,199,Racoon,Love You More
199,200,U2,The Unforgettable Fire
200,201,Creedence Clearwater Revival,Bad Moon Rising
201,202,Radiohead,Street Spirit
202,203,Lynyrd Skynyrd,Free Bird
203,204,Nothing But Thieves,Amsterdam
204,205,Deep Purple,Smoke On The Water
205,206,Eagles,Desperado
206,207,ABBA,Chiquitita
207,208,Elvis Presley,In The Ghetto
208,209,Teddy Swims,Lose Control
209,210,André Hazes,"Bloed, Zweet En Tranen"
210,211,Herman Brood,Saturday Night
211,212,Lou Reed,Perfect Day
212,213,John Miles,Music
213,214,Tears For Fears,Everybody Wants To Rule The World
214,215,Golden Earring,Another 45 Miles
215,216,Marillion,Kayleigh
216,217,Radiohead,Karma Police
217,218,Frank Boeijen Groep,Kronenburg Park
218,219,The Cranberries,Linger
219,220,Ed Sheeran,Perfect
220,221,The Cult,She Sells Sanctuary
221,222,De Dijk,Niemand In De Stad
222,223,Fleetwood Mac,Landslide
223,224,Lady Gaga,Always Remember Us This Way
224,225,Fleetwood Mac,Sara
225,226,David Bowie,Starman
226,227,Metallica,Fade To Black
227,228,Mary J. Blige,One
228,229,The Beatles,Eleanor Rigby
229,230,"Earth, Wind",September
230,231,U2,Beautiful Day
231,232,Queen,Somebody To Love
232,233,Guns N' Roses,Paradise City
233,234,Hozier,Take Me To Church
234,235,Fleetwood Mac,Songbird
235,236,Adele,Skyfall
236,237,Rammstein,Engel
237,238,Scorpions,Wind Of Change
238,239,De Dijk,Als Ze Er Niet Is
239,240,Live,Lightning Crashes
240,241,ABBA,Lay All Your Love On Me
241,242,Within Temptation,Ice Queen
242,243,Slayer,Angel Of Death
243,244,Creedence Clearwater Revival,I Put A Spell On You
244,245,Pearl Jam,Jeremy
245,246,Peter Fox,Haus Am See
246,247,Simon,The Boxer
247,248,Rowwen Hèze,November
248,249,Bee Gees,Tragedy
249,250,U2,Pride
250,251,Jeff Buckley,Hallelujah
251,252,Nightwish,Ghost Love Score
252,253,Wham!,Last Christmas
253,254,Frans Halsema,Voor Haar
254,255,Dire Straits,Walk Of Life
255,256,Eminem,Stan
256,257,U2,Bad
257,258,Evanescence,My Immortal
258,259,Bruce Springsteen,I'm On Fire
259,260,Kansas,Dust In The Wind
260,261,Sting,Englishman In New York
261,262,Fleetwood Mac,Everywhere
262,263,Toto,Hold The Line
263,264,Krezip,Make It A Memory
264,265,Led Zeppelin,Whole Lotta Love
265,266,DJ Paul Elstak,Rainbow In The Sky
266,267,Eddie Vedder,Society
267,268,Lana Del Rey,Video Games
268,269,Alderliefste,Laat Me/Vivre
269,270,The Weeknd,Blinding Lights
270,271,Green Day,Boulevard Of Broken Dreams
271,272,The Beatles,While My Guitar Gently Weeps
272,273,Abel,Onderweg
273,274,Led Zeppelin,Kashmir
274,275,Faithless,God Is A DJ
275,276,Beth Hart,Leave The Light On
276,277,Metallica,Whiskey In The Jar
277,278,Muse,Psycho
278,279,Metallica,The Unforgiven
279,280,R.E.M.,Everybody Hurts
280,281,Bette Midler,The Rose
281,282,The Scene,Iedereen Is Van De Wereld
282,283,Arctic Monkeys,Do I Wanna Know?
283,284,Phil Collins,Against All Odds
284,285,Elbow,One Day Like This
285,286,Normaal,Deurdonderen
286,287,Queensrÿche,Silent Lucidity
287,288,Acda en De Munnik,Lopen Tot De Zon Komt
288,289,Queen,I Want To Break Free
289,290,The Mamas,California Dreamin'
290,291,Dire Straits,Romeo And Juliet
291,292,Pink Floyd,Time
292,293,Avicii ,Wake Me Up
293,294,Bon Jovi,Livin' On A Prayer
294,295,Jay-Z,Empire State Of Mind
295,296,Jim Croce,Time In A Bottle
296,297,Iron Maiden,Run To The Hills
297,298,Editors,Papillon
298,299,Elvis Presley,My Boy
299,300,A-ha,Take On Me
300,301,Don McLean,Vincent
301,302,Yves Berendse,Terug In De Tijd
302,303,Billy Joel,She's Always A Woman
303,304,Elton John,I'm Still Standing
304,305,Phil Collins,Another Day In Paradise
305,306,Krezip,I Would Stay
306,307,Peter Gabriel,Don't Give Up
307,308,George Michael,Don't Let The Sun Go Down On Me
308,309,Motorhead,Ace Of Spades
309,310,Queen,We Will Rock You
310,311,DI-RECT,Through The Looking Glass
311,312,Stromae,L'enfer
312,313,Supertramp,The Logical Song
313,314,Peter Maffay,Du
314,315,Arctic Monkeys,505
315,316,Bankzitters,Je Blik Richting Mij
316,317,Bruce Springsteen,Tougher Than The Rest
317,318,Underworld,Born Slippy
318,319,Michael Jackson,Thriller
319,320,Ramses Shaffy,"Zing, Vecht, Huil, Bid, Lach, Werk En Bewonder"
320,321,Rammstein,Zeit
321,322,The Police,Every Breath You Take
322,323,Billie Eilish,What Was I Made For?
323,324,Jaap Reesema,Grijs
324,325,Marco Borsato,Dochters
325,326,Gary Moore,Still Got The Blues
326,327,Proclaimers,I'm Gonna Be
327,328,Golden Earring,Twilight Zone
328,329,Jacques Brel,Ne Me Quitte Pas
329,330,Skik,Op Fietse
330,331,Nena,99 Luftballons
331,332,Bruce Springsteen,My Hometown
332,333,ABBA,Eagle
333,334,Freddie Mercury,Barcelona
334,335,Frank Sinatra,My Way
335,336,Queens Of The Stone Age,No One Knows
336,337,Adele,Make You Feel My Love
337,338,Soundgarden,Black Hole Sun
338,339,Chris Isaak,Wicked Game
339,340,Green Day,Basket Case
340,341,Harry Styles,As It Was
341,342,Volbeat,Sad Man's Tongue
342,343,Frank Boeijen Groep,Zeg Me Dat Het Niet Zo Is
343,344,Elvis Presley,If I Can Dream
344,345,Boudewijn de Groot,Testament
345,346,Adele,Set Fire To The Rain
346,347,Helene Fischer,Atemlos Durch Die Nacht
347,348,Elvis Presley,Always On My Mind
348,349,Rowwen Hèze,De Peel In Brand
349,350,Michel Fugain,Une Belle Histoire
350,351,3 Doors Down,Kryptonite
351,352,Queen,Another One Bites The Dust
352,353,Bee Gees,Stayin' Alive
353,354,Diggy Dex ,Treur Niet
354,355,Charles Aznavour,La Bohème
355,356,Charles Aznavour,She
356,357,KISS,I Was Made For Lovin' You
357,358,Boston,More Than A Feeling
358,359,Bee Gees,How Deep Is Your Love
359,360,Jimi Hendrix,All Along The Watchtower
360,361,Nirvana,The Man Who Sold The World
361,362,Within Temptation,Mother Earth
362,363,Guns N' Roses,Welcome To The Jungle
363,364,Nothing But Thieves,Sorry
364,365,Nirvana,Lithium
365,366,Bruce Springsteen,Born To Run
366,367,BLØF,Harder Dan Ik Hebben Kan
367,368,Adele,Hello
368,369,Queen,Killer Queen
369,370,Meat Loaf,Bat Out Of Hell
370,371,Kate Bush,The Man With The Child In His Eyes
371,372,Jackson Browne,The Load Out / Stay
372,373,ABBA,Does Your Mother Know?
373,374,Jefferson Airplane,White Rabbit
374,375,ABBA,Mamma Mia
375,376,Michael Jackson,Beat It
376,377,Meau,Dat Heb Jij Gedaan
377,378,The Beatles,A Day In The Life
378,379,Kayak,Ruthless Queen
379,380,ABBA,The Day Before You Came
380,381,Johnny Cash,Ring Of Fire
381,382,The Rolling Stones,Satisfaction
382,383,Neil Young,Heart Of Gold
383,384,Racoon,Tijd Verliezen
384,385,André Hazes,De Vlieger
385,386,André Hazes,Zij Gelooft In Mij
386,387,Mark,Worn Down Piano
387,388,Paul Simon,Graceland
388,389,BLØF,Dansen Aan Zee
389,390,Mark Ronson ,Valerie
390,391,The Who,Baba O'Riley
391,392,Bob Marley,Redemption Song
392,393,John Denver,"Take Me Home, Country Roads"
393,394,Genesis,Mama
394,395,Boudewijn de Groot,Verdronken Vlinder
395,396,The Scene,Blauw
396,397,Elton John,Rocket Man
397,398,Elvis Presley,Can't Help Falling In Love
398,399,Doe Maar,Sinds 1 Dag Of 2
399,400,Bob Dylan,Hurricane
400,401,The Waterboys,The Whole Of The Moon
401,402,Bruce Springsteen,Badlands
402,403,Peter Gabriel,Solsbury Hill
403,404,The Alan Parsons Project,Eye In The Sky
404,405,Normaal,Oerend Hard
405,406,Snow Patrol,Run
406,407,André Hazes,Geef Mij Je Angst
407,408,Michael Jackson,Man In The Mirror
408,409,Doe Maar,De Bom
409,410,Creedence Clearwater Revival,Who'll Stop The Rain?
410,411,The Smiths,There Is a Light That Never Goes Out
411,412,Alice Cooper,Poison
412,413,Radiohead,Paranoid Android
413,414,Bankzitters,Stapelgek
414,415,Andrea Bocelli,Vivo Per Lei
415,416,Pink Floyd,The Great Gig In The Sky
416,417,Bankzitters,Cupido
417,418,Guns N' Roses,Estranged
418,419,BLØF,Aan De Kust
419,420,Cuby,Window Of My Eyes
420,421,Simple Minds,Alive And Kicking
421,422,Donna Summer,I Feel Love
422,423,Tame Impala,Let It Happen
423,424,Fleetwood Mac,Little Lies
424,425,Ultravox,Vienna
425,426,Maan x Goldband,Stiekem
426,427,Kate Bush,Cloudbusting
427,428,Billy Joel,Vienna
428,429,Rob de Nijs,Foto Van Vroeger
429,430,Imagine Dragons,Demons
430,431,Janis Joplin,Me And Bobby McGee
431,432,Queen,We Are The Champions
432,433,De Dijk,Mag Het Licht Uit
433,434,ZZ Top,La Grange
434,435,Bronski Beat,Smalltown Boy
435,436,George Michael,Jesus To A Child
436,437,Oasis,Champagne Supernova
437,438,DI-RECT,How My Heart Was Won
438,439,Stef Bos,Is Dit Nou Later
439,440,Lewis Capaldi,Someone You Loved
440,441,Guns N' Roses,Knocking On Heaven's Door
441,442,AC/DC,Back In Black
442,443,Metallica,Sad But True
443,444,Toto,Stop Loving You
444,445,Ede Staal,Het Het Nog Nooit Zo Donker West
445,446,The Boxer Rebellion,Diamonds
446,447,Evanescence,Bring Me To Life
447,448,Muse,Supermassive Black Hole
448,449,Racoon,Het Is Al Laat Toch
449,450,Linkin Park,Breaking The Habit
450,451,White Stripes,Seven Nation Army
451,452,Pearl Jam,Even Flow
452,453,Hannah Mae,Waterdicht
453,454,Bill Withers,Ain't No Sunshine
454,455,Eagles,One Of These Nights
455,456,Froukje,Ik Wil Dansen
456,457,Doe Maar,Smoorverliefd
457,458,Billie Eilish,Bad Guy
458,459,André Hazes,Zeg Maar Niets Meer
459,460,Het Goede Doel,Alles Geprobeerd
460,461,John Denver,Annie's Song
461,462,Radiohead,Exit Music
462,463,ABBA,Happy New Year
463,464,Coolio,Gangsta's Paradise
464,465,Spinvis,Kom Terug
465,466,Pink Floyd,Money
466,467,Imagine Dragons,Believer
467,468,Acda en De Munnik,Ren Lenny Ren
468,469,Anita Meyer,Why Tell Me Why
469,470,Hero,Toen Ik Je Zag
470,471,Queen,Radio Ga Ga
471,472,Talking Heads,Slippery People
472,473,Chef'Special,In Your Arms
473,474,De Dijk,Ik Kan Het Niet Alleen
474,475,The Police,Roxanne
475,476,White Lies,Time To Give
476,477,David Bowie,Life On Mars
477,478,ABBA,Thank You For The Music
478,479,Iron Maiden,Wasted Years
479,480,Golden Earring,Long Blond Animal
480,481,Talking Heads,Psycho Killer
481,482,New Order,Blue Monday
482,483,Taylor Swift,Anti-Hero
483,484,Foreigner,I Want To Know What Love Is
484,485,Fleetwood Mac,Don't Stop
485,486,Adele,When We Were Young
486,487,Peter Schilling,Major Tom
487,488,Coldplay,Paradise
488,489,The War On Drugs,Thinking Of A Place
489,490,The Stranglers,Golden Brown
490,491,Boudewijn de Groot,De Vondeling Van Ameland
491,492,Linkin Park,Numb/Encore
492,493,London Grammar,Strong
493,494,Stromae,Papaoutai
494,495,Novastar,Wrong
495,496,Tenacious D,Tribute
496,497,U2,New Year's Day
497,498,Linkin Park,The Emptiness Machine
498,499,Iron Maiden,The Trooper
499,500,Mumford,Little Lion Man
500,501,Eagles,Take It Easy
501,502,Scorpions,Still Loving You
502,503,Bruce Springsteen,Glory Days
503,504,BLØF,Zo Stil
504,505,Vangelis,Conquest Of Paradise
505,506,Eminem,The Real Slim Shady
506,507,Heart,Alone
507,508,Bonnie Tyler,Total Eclipse Of The Heart
508,509,The Police,Message In A Bottle
509,510,ABBA,Waterloo
510,511,BLØF,Holiday In Spain
511,512,Crowded House,Don't Dream It's Over
512,513,De Dijk,Groot Hart
513,514,Bankzitters,Is Dat Nou Echt?
514,515,Radiohead,No Surprises
515,516,America,A Horse With No Name
516,517,George Michael,Cowboys And Angels
517,518,Taylor Swift,Cruel Summer
518,519,Pink Floyd,High Hopes
519,520,Gotye ,Somebody That I Used To Know
520,521,10cc,I'm Not In Love
521,522,Muse,Starlight
522,523,Golden Earrings,Just A Little Bit Of Peace In My Heart
523,524,Teddy Swims,The Door
524,525,Billy Joel,Leningrad
525,526,Imagine Dragons,Radioactive
526,527,BLØF,Omarm
527,528,Claude,Ladada
528,529,2Pac,Changes
529,530,AC/DC,You Shook Me All Night Long
530,531,Boudewijn de Groot,Welterusten Mijnheer De President
531,532,Eurythmics,Sweet Dreams
532,533,Elton John,Circle Of Life
533,534,Het Goede Doel,België
534,535,Supertramp,Dreamer
535,536,Eminem,Without Me
536,537,Muse,Plug In Baby
537,538,Joy Division,Love Will Tear Us Apart
538,539,Editors,Smokers Outside The Hospital Doors
539,540,Neil Young,Old Man
540,541,The Rolling Stones,Wild Horses
541,542,Linkin Park,One More Light
542,543,Taylor Swift,Cardigan
543,544,Sam Fender,Seventeen Going Under
544,545,Adele,Hometown Glory
545,546,Rob de Nijs,Het Werd Zomer
546,547,The Cure,Lullaby
547,548,Rowwen Hèze,Limburg
548,549,The War On Drugs,Under The Pressure
549,550,"Earth, Wind",Fantasy
550,551,The Cats,Lea
551,552,Bruce Springsteen,Trapped
552,553,Frankie Goes To Hollywood,The Power Of Love
553,554,Amy MacDonald,This Is The Life
554,555,De Staat,Witch Doctor
555,556,Phil Collins,You'll Be In My Heart
556,557,The Doors,The End
557,558,Van Morrison,Brown Eyed Girl
558,559,Liquido,Narcotic
559,560,George Michael,A Different Corner
560,561,Bruce Springsteen,Thunder Road
561,562,Orchestral Manoeuvres In The Dark,Joan Of Arc
562,563,Eric Clapton,Layla
563,564,Noah Kahan,Stick Season
564,565,Neil Young,Rockin' In The Free World
565,566,Massive Attack,Unfinished Sympathy
566,567,Herbert Grönemeyer,Halt Mich
567,568,The Doors,L.A. Woman
568,569,Avicii,Levels
569,570,Neet Oét Lottum,Hald Mich 's Vas
570,571,Green Day,Wake Me Up When September Ends
571,572,Seal,Kiss From A Rose
572,573,Neil Diamond,I Am...I Said
573,574,INXS,Never Tear Us Apart
574,575,Alice In Chains,Would
575,576,Bruce Springsteen,Born In The U.S.A.
576,577,The Pogues,Fairytale Of New York
577,578,Taylor Swift,Shake It Off
578,579,Rob de Nijs,Banger Hart
579,580,Nightwish,Élan
580,581,The Rolling Stones,You Can't Always Get What You Want
581,582,Red Hot Chili Peppers,Otherside
582,583,The Beatles,Come Together
583,584,Joe Cocker,With A Little Help From My Friends
584,585,Don McLean,American Pie
585,586,Foo Fighters,Learn To Fly
586,587,Miley Cyrus,Flowers
587,588,Lex Uiting,Nao 't Zuuje
588,589,BLØF,Liefs Uit Londen
589,590,Robbie Williams,Feel
590,591,Tina Turner,The Best
591,592,Anouk,Lost
592,593,George Michael,Faith
593,594,Daniël Lohues,Hier Kom Ik Weg
594,595,Massive Attack,Teardrop
595,596,Paul de Leeuw,'k Heb Je Lief
596,597,Red Hot Chili Peppers,Snow
597,598,Chris Rea,Driving Home For Christmas
598,599,Gorillaz,Feel Good Inc.
599,600,Fish,A Gentleman's Excuse Me
600,601,Acda en De Munnik,Morgen Wordt Fantastisch
601,602,Sting,Shape Of My Heart
602,603,Nirvana,Where Did You Sleep Last Night
603,604,Buena Vista Social Club,Chan Chan
604,605,Queen,Hammer To Fall
605,606,Korn,Freak On A Leash
606,607,Guus Meeuwis,Geef Mij Je Angst
607,608,Adele,Easy On Me
608,609,Suzan,Als Het Avond Is
609,610,Michael Jackson,Smooth Criminal
610,611,Frank Boeijen Groep,De Verzoening
611,612,Johnny Cash,I Walk The Line
612,613,Kings Of Leon,Sex On Fire
613,614,Fleetwood Mac,Albatross
614,615,Meat Loaf,I'd Do Anything For Love
615,616,John Legend,All Of Me
616,617,Gerry,You'll Never Walk Alone
617,618,Tina Turner,Tonight
618,619,Madonna,Like A Prayer
619,620,Alice Cooper,Halo Of Flies
620,621,Elvis Costello,She
621,622,Guus Meeuwis,Dat Komt Door Jou
622,623,Toto,Rosanna
623,624,Taylor Swift,Love Story
624,625,Blue Öyster Cult,Don't Fear The Reaper
625,626,The Black Keys,Little Black Submarines
626,627,Måneskin,The Loneliest
627,628,Mumford,The Cave
628,629,Guns N' Roses,Patience
629,630,Bob Marley,No Woman No Cry
630,631,Eric Clapton,Wonderful Tonight
631,632,Johnny Cash,Folsom Prison Blues
632,633,Whitney Houston,I Will Always Love You
633,634,Chef'Special,Amigo
634,635,Don Henley,The Boys Of Summer
635,636,Green Day,Good Riddance
636,637,Natasha Bedingfield,Unwritten
637,638,Billie Eilish,Happier Than Ever
638,639,Valensia,Gaia
639,640,Doe Maar,Belle Hélène
640,641,Iron Maiden,Can I Play With Madness
641,642,Europe,The Final Countdown
642,643,Muse,Bliss
643,644,Queen,It's A Beautiful Day
644,645,Al Stewart,Year Of The Cat
645,646,Tina Turner,Private Dancer
646,647,Elvis Presley,Burning Love
647,648,Alanis Morissette,Ironic
648,649,R.E.M.,Nightswimming
649,650,David Bowie,China Girl
650,651,Avicii,Hey Brother
651,652,Talk Talk,Such A Shame
652,653,Guus Meeuwis,Het Is Een Nacht...
653,654,The Cats,One Way Wind
654,655,Fleetwood Mac,Tusk
655,656,ABBA,I Have A Dream
656,657,Tame Impala,The Less I Know The Better
657,658,Red Hot Chili Peppers,Scar Tissue
658,659,Bon Jovi,Always
659,660,Ennio Morricone,Once Upon A Time In The West
660,661,Green Day,American Idiot
661,662,Kensington,Streets
662,663,My Chemical Romance,Welcome To The Black Parade
663,664,Simple Minds,New Gold Dream
664,665,George Michael,Freedom! '90
665,666,Duncan Laurence,Arcade
666,667,Krezip,Sweet Goodbyes
667,668,Andrea Bocelli,Time To Say Goodbye
668,669,Blur,Song 2
669,670,Led Zeppelin,Immigrant Song
670,671,Simply Red,Holding Back The Years
671,672,Golden Earring,Going To The Run
672,673,De Dijk,Onderuit
673,674,Pink Floyd,Us And Them
674,675,Eva Cassidy,Fields Of Gold
675,676,Kane,Rain Down On Me
676,677,Queen,These Are The Days Of Our Lives
677,678,Leonard Cohen,Suzanne
678,679,Acda en De Munnik,Als Het Vuur Gedoofd Is
679,680,4 Non Blondes,What's Up
680,681,10cc,Dreadlock Holiday
681,682,Michael Jackson,Heal The World
682,683,Acda en De Munnik,De Kapitein Deel II
683,684,Maroon 5,Memories
684,685,Stromae,Alors On Danse
685,686,Racoon,De Echte Vent
686,687,Marvin Gaye,What's Going On
687,688,Santana,Samba Pa Ti
688,689,Dolly Parton,I Will Always Love You
689,690,John Mayer,Slow Dancing In A Burning Room
690,691,One Direction,Best Song Ever
691,692,Michael Jackson,Dirty Diana
692,693,Dire Straits,On Every Street
693,694,Ike,River Deep Mountain High
694,695,Acda en De Munnik,Niet Of Nooit Geweest
695,696,Bee Gees,Massachusetts
696,697,Herbert Grönemeyer,Der Weg
697,698,Prince,When Doves Cry
698,699,Sting,Russians
699,700,Prince,Sign 'O' The Times
700,701,ABBA,One Of Us
701,702,Franz Ferdinand,Take Me Out
702,703,Aretha Franklin,I Say A Little Prayer
703,704,Aerosmith,I Don't Want To Miss A Thing
704,705,The Doors,Light My Fire
705,706,Van Halen,Jump
706,707,Amy Winehouse,Rehab
707,708,Billie Eilish,Everything I Wanted
708,709,Nick Cave,Where The Wild Roses Grow
709,710,Genesis,Firth Of Fifth
710,711,Rammstein,Mutter
711,712,Art Garfunkel,Bright Eyes
712,713,Passenger,Let Her Go
713,714,Charly Lownoise,Wonderfull Days
714,715,Moby,Porcelain
715,716,Tears For Fears,Woman In Chains
716,717,ABBA,Fernando
717,718,Adele,Chasing Pavements
718,719,Duran Duran,Ordinary World
719,720,Cat Stevens,Morning Has Broken
720,721,Prince,Sometimes It Snows In April
721,722,Arctic Monkeys,I Bet You Look Good On The Dancefloor
722,723,Gerry Rafferty,Baker Street
723,724,Fleetwood Mac,Rhiannon
724,725,Queen,Crazy Little Thing Called Love
725,726,Silk Sonic (Bruno Mars,Leave The Door Open
726,727,Prince,1999
727,728,Ozzy Osbourne,No More Tears
728,729,The Cure,Boys Don't Cry
729,730,ABBA,Take A Chance On Me
730,731,Boudewijn de Groot,Jimmy
731,732,ABBA,Voulez-Vous
732,733,Status Quo,Whatever You Want
733,734,Suzan,Goud
734,735,The Beatles,Strawberry Fields Forever
735,736,Édith Piaf,"Non, Je Ne Regrette Rien"
736,737,Live,Overcome
737,738,Elton John,Nikita
738,739,The Rolling Stones ,Sweet Sounds Of Heaven
739,740,Taylor Swift,Willow
740,741,Simon,Mrs. Robinson
741,742,Michael Jackson,They Don't Care About Us
742,743,De Dijk,Binnen Zonder Kloppen
743,744,Portishead,Glory Box
744,745,Pink Floyd,Hey You
745,746,2Pac ,California Love
746,747,Adele,Million Years Ago
747,748,The Beatles,Something
748,749,John Denver,Leaving On A Jet Plane
749,750,De Kast,In Nije Dei
750,751,Bon Jovi,It's My Life
751,752,Derek,Layla
752,753,Mumford,I Will Wait
753,754,The Offspring,Self Esteem
754,755,Lynyrd Skynyrd,Sweet Home Alabama
755,756,Florence + The Machine,Dog Days Are Over
756,757,ABBA,"Knowing Me, Knowing You"
757,758,Marillion,Lavender
758,759,Simple Minds,Waterfront
759,760,Melissa Etheridge,Like The Way I Do
760,761,Elton John,Goodbye Yellow Brick Road
761,762,Bryan Adams,I Do It For You
762,763,The Beatles,Penny Lane
763,764,Suzan,De Overkant
764,765,John Mayer,Gravity
765,766,Queen,Breakthru
766,767,Black Pumas,Colors
767,768,"Crosby, Stills, Nash",Our House
768,769,Louis Armstrong,What A Wonderful World
769,770,P!nk ,Just Give Me A Reason
770,771,The Rolling Stones,She's A Rainbow
771,772,Rag'n'Bone Man,Human
772,773,Dean Lewis,How Do I Say Goodbye
773,774,Rowwen Hèze,Auto Vliegtuug
774,775,Van Halen,Runnin' With The Devil
775,776,P!nk,What About Us
776,777,Henk Westbroek,Zelfs Je Naam Is Mooi
777,778,Paul de Leeuw,Zonder Jou
778,779,Van Morrison,Have I Told You Lately
779,780,Billie Eilish,Birds Of A Feather
780,781,The Cure,Friday I'm In Love
781,782,Mariah Carey,All I Want For Christmas Is You
782,783,Herman van Veen,Liefde Van Later
783,784,Cat Stevens,Father And Son
784,785,De Poema's,Zij Maakt Het Verschil
785,786,Bee Gees,More Than A Woman
786,787,David Bowie,Let's Dance
787,788,Neil Young,Like A Hurricane
788,789,Frank Boeijen Groep,Zwart Wit
789,790,Men At Work,Down Under
790,791,Dolly Parton,9 To 5
791,792,Santana,She's Not There
792,793,Guns N' Roses,Don't Cry
793,794,Supertramp,Give A Little Bit
794,795,Guns N' Roses,Civil War
795,796,Dire Straits,Tunnel Of Love
796,797,Talking Heads,Once In A Lifetime
797,798,John Mayer,Daughters
798,799,Porcupine Tree,Arriving Somewhere But Not Here
799,800,Bruce Springsteen,Jersey Girl
800,801,Depeche Mode,Personal Jesus
801,802,AC/DC,Let There Be Rock
802,803,The Gathering,Strange Machines
803,804,The Alan Parsons Project,The Turn Of A Friendly Card
804,805,Bruce Springsteen,Jungleland
805,806,Froukje,Als Ik God Was
806,807,Stevie Wonder,Superstition
807,808,De Jeugd Van Tegenwoordig,Watskeburt?!
808,809,Keane,Sovereign Light Cafe
809,810,Eddie Vedder,Guaranteed
810,811,The Script,The Man Who Can't Be Moved
811,812,U2,I Will Follow
812,813,Nickelback,How You Remind Me
813,814,Metallica,The Unforgiven II
814,815,Queen,A Kind Of Magic
815,816,Imagine Dragons,Thunder
816,817,Pixies,Where Is My Mind
817,818,Eagles,Lyin' Eyes
818,819,The Kinks,Lola
819,820,The War On Drugs,Red Eyes
820,821,Rowwen Hèze,De Neus Umhoeg
821,822,Guus Meeuwis,Tranen Gelachen
822,823,George Michael,Father Figure
823,824,Spandau Ballet,Through The Barricades
824,825,Spandau Ballet,Gold
825,826,Ed Sheeran,Castle On The Hill
826,827,Joni Mitchell,Both Sides Now
827,828,Mark Knopfler,What It Is
828,829,Daniël Lohues,Prachtig Mooie Dag
829,830,Dusty Springfield,Son Of A Preacher Man
830,831,Niall Horan,This Town
831,832,Elvis Presley,I Just Can't Help Believin'
832,833,Macklemore,Hind's Hall
833,834,BLØF,Blauwe Ruis
834,835,Ed Sheeran,Thinking Out Loud
835,836,Fleetwood Mac,Silver Springs
836,837,ABBA,Super Trouper
837,838,Maan,Ze Huilt Maar Ze Lacht
838,839,UB40,Red Red Wine
839,840,Madness,One Step Beyond
840,841,Ludovico Einaudi,Una Mattina
841,842,Bon Jovi,You Give Love A Bad Name
842,843,Focus,Hocus Pocus
843,844,Beastie Boys,Sabotage
844,845,André Hazes Jr.,Leef
845,846,Gilbert O'Sullivan,Nothing Rhymed
846,847,Dire Straits,Your Latest Trick
847,848,The Beach Boys,Good Vibrations
848,849,Bastille,Pompeii
849,850,Mike Oldfield,Tubular Bells
850,851,Neil Diamond,Beautiful Noise
851,852,Carly Simon,You're So Vain
852,853,Foo Fighters,Walk
853,854,Racoon,Don't Give Up The Fight
854,855,Michael Jackson,Ben
855,856,U2,Running To Stand Still
856,857,Foo Fighters,My Hero
857,858,Céline Dion,It's All Coming Back To Me
858,859,Genesis,Follow You Follow Me
859,860,Queen,Thank God It's Christmas
860,861,Coldplay,Everglow
861,862,Queen,You're My Best Friend
862,863,Aretha Franklin,Respect
863,864,Tori Amos,Winter
864,865,Armin van Buuren ,This Is What It Feels Like
865,866,Nits,In The Dutch Mountains
866,867,Jeff Wayne,The Eve Of The War
867,868,Davina Michelle,Duurt Te Lang
868,869,Amy Winehouse,Tears Dry On Their Own
869,870,The Beatles,The Long And Winding Road
870,871,The Rolling Stones,Start Me Up
871,872,Mark Ronson ,Uptown Funk
872,873,Venice,The Family Tree
873,874,Joe Jackson,Is She Really Going Out With Him?
874,875,Eagles,New Kid In Town
875,876,Fools Garden,Lemon Tree
876,877,Johnny Cash,A Boy Named Sue
877,878,Anouk,Michel
878,879,The Band,The Weight
879,880,Michael Jackson,Black Or White
880,881,Cockney Rebel,Sebastian
881,882,Enya,Only Time
882,883,Ed Sheeran,I See Fire
883,884,The Rolling Stones,Brown Sugar
884,885,Dr. Dre ,The Next Episode
885,886,Marco Borsato,Margherita
886,887,Taylor Swift,Blank Space
887,888,AC/DC,Hells Bells
888,889,Rob de Nijs,Malle Babbe
889,890,Yes,Owner Of A Lonely Heart
890,891,Train,Drops Of Jupiter
891,892,Jimi Hendrix,Hey Joe
892,893,Andrea Bocelli,Con Te Partiro
893,894,Uriah Heep,Easy Livin'
894,895,Herman Brood,Never Be Clever
895,896,Red Hot Chili Peppers,Road Trippin'
896,897,Iggy Pop,The Passenger
897,898,The Prodigy,Firestarter
898,899,Linkin Park,One Step Closer
899,900,Within Temptation,Faster
900,901,Dotan,Home
901,902,Paul Simon,You Can Call Me Al
902,903,Bruce Springsteen,The Rising
903,904,The Temptations,Papa Was A Rolling Stone
904,905,The Beatles,Norwegian Wood
905,906,Red Hot Chili Peppers,Can't Stop
906,907,David Bowie,Ziggy Stardust
907,908,Donna Summer,State Of Independence
908,909,The Blue Nile,Tinseltown In The Rain
909,910,Linkin Park,What I've Done
910,911,Within Temptation,Stand My Ground
911,912,Doe Maar,Is Dit Alles
912,913,Nirvana,Heart-Shaped Box
913,914,Mike Oldfield,Moonlight Shadow
914,915,Bryan Adams,Heaven
915,916,Harry Styles,Golden
916,917,The Beatles,Get Back
917,918,ABBA,S.O.S.
918,919,Ten Sharp,You
919,920,Killing Joke,Love Like Blood
920,921,Status Quo,Roll Over Lay Down
921,922,The Black Eyed Peas,I Gotta Feeling
922,923,K's Choice,Not An Addict
923,924,Righteous Brothers,Unchained Melody
924,925,Queen,'39
925,926,Supertramp,Goodbye Stranger
926,927,Herman Brood,My Way
927,928,Typhoon,Zandloper
928,929,Dexy's Midnight Runners,Come On Eileen
929,930,Phil Collins,Can't Stop Loving You
930,931,Fischer-Z,So Long
931,932,Fleetwood Mac,Need Your Love So Bad
932,933,Aretha Franklin,Think
933,934,Gloria Gaynor,I Will Survive
934,935,Cream,White Room
935,936,Paul Simon,Diamonds On The Soles Of Her Shoes
936,937,Frank Sinatra,That's Life
937,938,Tears For Fears,Shout
938,939,Crowded House,Four Seasons In One Day
939,940,David Guetta,Titanium
940,941,P!nk,Try
941,942,Armin van Buuren ,Heading Up High
942,943,Supertramp,Breakfast In America
943,944,Leonard Cohen,You Want It Darker
944,945,The Police,Every Little Thing She Does Is Magic
945,946,The Smiths,Bigmouth Strikes Again
946,947,U2,All I Want Is You
947,948,Dire Straits,Lady Writer
948,949,Golden Earring,She Flies On Strange Wings
949,950,Nena,"Anyplace, Anywhere, Anytime"
950,951,Joe Jackson,Real Men
951,952,André Hazes,Ik Leef Mijn Eigen Leven
952,953,Red Hot Chili Peppers,Dark Necessities
953,954,Joe Jackson,Be My Number Two
954,955,Genesis,Land Of Confusion
955,956,Gorillaz,Clint Eastwood
956,957,Froukje,Een Teken
957,958,Muse,Unintended
958,959,George Michael,Praying For Time
959,960,Smashing Pumpkins,Disarm
960,961,BLØF,Alles Is Liefde
961,962,BLØF,Hou Vol Hou Vast
962,963,Taylor Swift,Karma
963,964,Måneskin,Zitti E Buoni
964,965,Anouk,Birds
965,966,Oôs Joôs,Bloemkôle
966,967,Adele,All I Ask
967,968,DI-RECT,Times Are Changing
968,969,Khruangbin,Texas Sun
969,970,Radiohead,Fake Plastic Trees
970,971,Stone Temple Pilots,Plush
971,972,Survivor,Eye Of The Tiger
972,973,The Killers,Human
973,974,Sia,Chandelier
974,975,The Rolling Stones,Ruby Tuesday
975,976,Ed Sheeran,The A Team
976,977,Doobie Brothers,Listen To The Music
977,978,Talk Talk,It's My Life
978,979,Robbie Williams,Let Me Entertain You
979,980,Coldplay,Christmas Lights
980,981,Arctic Monkeys,When The Sun Goes Down
981,982,Simon,El Condor Pasa
982,983,Twenty One Pilots,Stressed Out
983,984,Sade,Smooth Operator
984,985,Prince,Raspberry Beret
985,986,David Bowie,Dancing In The Street
986,987,Bee Gees,Words
987,988,Limp Bizkit,Behind Blue Eyes
988,989,Marco Borsato,Rood
989,990,Eros Ramazzotti,Musica E
990,991,Enya,Orinoco Flow
991,992,Supertramp,Crime Of The Century
992,993,The Prodigy,Smack My Bitch Up
993,994,Toontje Lager,Stiekem Gedanst
994,995,Beyoncé,Halo
995,996,Elton John,Tiny Dancer
996,997,Maaike Ouboter,Dat Ik Je Mis
997,998,Supertramp,Take The Long Way Home
998,999,De Poema's,Mijn Houten Hart
999,1000,Clouseau,Daar Gaat Ze
1000,1001,Meat Loaf,You Took The Words Right Out Of My Mouth
1001,1002,DJ Paul Elstak,Luv U More
1002,1003,Soft Cell,Tainted Love
1003,1004,Niall Horan,Heaven
1004,1005,Whitesnake,Here I Go Again
1005,1006,Bee Gees,To Love Somebody
1006,1007,Olivia Rodrigo,Vampire
1007,1008,Michel Sardou,Les Lacs Du Connemara
1008,1009,Skunk Anansie,Weak
1009,1010,David Bowie,Ashes To Ashes
1010,1011,Air,All I Need
1011,1012,Diggy Dex,De Zon Op
1012,1013,Coldplay,Hymn For The Weekend
1013,1014,The Teskey Brothers,Pain And Misery
1014,1015,Creedence Clearwater Revival,Suzie Q
1015,1016,Billie Eilish,When The Party's Over
1016,1017,Heart,Barracuda
1017,1018,Yann Tiersen,"Comptine D'un Autre Ete, L'Apres Midi"
1018,1019,Smashing Pumpkins,1979
1019,1020,Radiohead,Jigsaw Falling Into Place
1020,1021,David Bowie,Absolute Beginners
1021,1022,Gigi D'agostino,L'amour Toujours
1022,1023,Rowwen Hèze,Vlinder
1023,1024,R.E.M.,Find The River
1024,1025,Depeche Mode,Just Can't Get Enough
1025,1026,Paolo Nutini,Through The Echoes
1026,1027,Taylor Swift,Cowboy Like Me
1027,1028,Eddie Vedder,Hard Sun
1028,1029,Barbra Streisand,Woman In Love
1029,1030,De Dijk,Bloedend Hart
1030,1031,The Cats,Marian
1031,1032,Eminem,Love The Way You Lie
1032,1033,John Denver,Perhaps Love
1033,1034,Froukje,Niets Tussen
1034,1035,Queen,Good Old-Fashioned Lover Boy
1035,1036,David Bowie,Changes
1036,1037,Genesis,Jesus He Knows Me
1037,1038,Aretha Franklin,Natural Woman
1038,1039,Coldplay,Magic
1039,1040,Leonard Cohen,Dance Me To The End Of Love
1040,1041,Live,I Alone
1041,1042,Nina Simone,"Ain't Got No, I Got Life"
1042,1043,Chi Coltrane,Go Like Elijah
1043,1044,The Cure,Close To Me
1044,1045,Bökkers,Iederene Hef Een Reden
1045,1046,Neil Young,Harvest Moon
1046,1047,Spice Girls,Wannabe
1047,1048,Elvis Costello,I Want You
1048,1049,Xavier Rudd,Follow The Sun
1049,1050,Backstreet Boys,I Want It That Way
1050,1051,Lewis Capaldi,Before You Go
1051,1052,Racoon,Liverpool Rain
1052,1053,Quincy Jones,Chump Change
1053,1054,No Doubt,Don't Speak
1054,1055,André Hazes,Droomland
1055,1056,Kensington,War
1056,1057,Harry Styles,Watermelon Sugar
1057,1058,The Rolling Stones,Miss You
1058,1059,George Michael,Killer/Papa Was A Rollin' Stone
1059,1060,Harry Styles,Kiwi
1060,1061,Tracy Chapman,Baby Can I Hold You
1061,1062,Elvis Presley,Jailhouse Rock
1062,1063,Chef'Special,Afraid Of The Dark
1063,1064,Phil Collins,Easy Lover
1064,1065,Status Quo,Down Down
1065,1066,Beth Hart,I'll Take Care Of You
1066,1067,Rammstein,Radio
1067,1068,The Opposites,Slapeloze Nachten
1068,1069,ZZ Top,Sharp Dressed Man
1069,1070,Robert Miles,Children
1070,1071,DI-RECT,OMG It's Happening
1071,1072,Metallica,The Unforgiven III
1072,1073,BAP,Kristallnaach
1073,1074,Queens Of The Stone Age,Go With The Flow
1074,1075,Imagine Dragons,Whatever It Takes
1075,1076,The Beatles,Now And Then
1076,1077,Temple Of The Dog,Hunger Strike
1077,1078,André Hazes,'n Beetje Verliefd
1078,1079,Toto,Pamela
1079,1080,Joe Cocker,You Are So Beautiful
1080,1081,The Black Keys,Lonely Boy
1081,1082,Lisa Lois,Hallelujah
1082,1083,Skunk Anansie,Hedonism
1083,1084,Rick Astley,Never Gonna Give You Up
1084,1085,Oasis,Live Forever
1085,1086,UB40,Kingston Town
1086,1087,Damien Rice,9 Crimes
1087,1088,Pearl Jam,Better Man
1088,1089,Bob Dylan,Like A Rolling Stone
1089,1090,Bee Gees,I Started A Joke
1090,1091,Rod Stewart,Sailing
1091,1092,Leonard Cohen,So Long Marianne
1092,1093,Keane,Everybody's Changing
1093,1094,Keane,Bedshaped
1094,1095,Mark Knopfler,Sailing To Philadelphia
1095,1096,Donna Summer,MacArthur Park
1096,1097,Tavares,Heaven Must Be Missing An Angel
1097,1098,Nick Cave,Red Right Hand
1098,1099,Frank Sinatra,Fly Me To The Moon
1099,1100,Shocking Blue,Venus
1100,1101,Taylor Swift,You Need To Calm Down
1101,1102,Ram Jam,Black Betty
1102,1103,David Bowie,Wild Is The Wind
1103,1104,Iron Butterfly,In A Gadda Da Vida
1104,1105,Olivia Rodrigo,Drivers License
1105,1106,Bob Dylan,Blowin' In The Wind
1106,1107,One Direction,One Way Or Another
1107,1108,Bruce Springsteen,Waiting On A Sunny Day
1108,1109,BLØF,Mooie Dag
1109,1110,Kanye West,Homecoming
1110,1111,Rondé,Hard To Say Goodbye
1111,1112,The Cranberries,Ode To My Family
1112,1113,The Rolling Stones,Waiting On A Friend
1113,1114,Zucchero,Il Volo
1114,1115,Carole King,You've Got A Friend
1115,1116,Queen,Spread Your Wings
1116,1117,Toto,Mushanga
1117,1118,Roxy Dekker,Sugardaddy
1118,1119,Lady Gaga,Bad Romance
1119,1120,Nazareth,Love Hurts
1120,1121,Racoon,No Mercy
1121,1122,Lauren Daigle,You Say
1122,1123,"Crosby, Stills, Nash",Teach Your Children
1123,1124,The Doors,People Are Strange
1124,1125,The Police,So Lonely
1125,1126,Coldplay,Speed Of Sound
1126,1127,Little River Band,It's A Long Way There
1127,1128,Paul McCartney,Band On The Run
1128,1129,Gé Reinders,Blaosmuziek
1129,1130,Cyndi Lauper,True Colors
1130,1131,Phil Collins,I Wish It Would Rain Down
1131,1132,Chris de Burgh,The Lady In Red
1132,1133,Snowy White,Bird Of Paradise
1133,1134,Bryan Adams,Run To You
1134,1135,Creedence Clearwater Revival,I Heard It Through The Grapevine
1135,1136,Kansas,Carry On Wayward Son
1136,1137,Heart,Crazy On You
1137,1138,Editors,Munich
1138,1139,Ed Sheeran,Shape Of You
1139,1140,Creedence Clearwater Revival,Proud Mary
1140,1141,Jimi Hendrix,Little Wing
1141,1142,Simon,Homeward Bound
1142,1143,John Mayer,In The Blood
1143,1144,The Cats,Scarlet Ribbons
1144,1145,Daft Punk,One More Time
1145,1146,Amy Winehouse,You Know I'm No Good
1146,1147,Paul Weller,You Do Something To Me
1147,1148,Manic Street Preachers,If You Tolerate This Your Children Will Be Next
1148,1149,Kaleo,Way Down We Go
1149,1150,Pink Floyd,One Of These Days
1150,1151,Racoon,Hee Joh Jip
1151,1152,Moby,Why Does My Heart Feel So Bad
1152,1153,Etta James,At Last
1153,1154,Charles Aznavour,Yesterday When I Was Young
1154,1155,The Cranberries,Dreams
1155,1156,Roxy Music,Avalon
1156,1157,Alanis Morissette,Uninvited
1157,1158,Alphaville,Big In Japan
1158,1159,ZZ Top,Gimme All Your Lovin'
1159,1160,Santana,Black Magic Woman
1160,1161,Douwe Bob,This World Is Our Home
1161,1162,The Weeknd,Save Your Tears
1162,1163,Iggy Pop,Lust For Life
1163,1164,De Dijk,Nergens Goed Voor
1164,1165,Rush,The Spirit Of Radio
1165,1166,Split Enz,Message To My Girl
1166,1167,John Farnham,You're The Voice
1167,1168,Nothing But Thieves,Welcome To The DCC
1168,1169,Wham!,Wake Me Up Before You Go-Go
1169,1170,Bee Gees,Nights On Broadway
1170,1171,The Rolling Stones,Fool To Cry
1171,1172,Rufus Wainwright,Going To A Town
1172,1173,Elton John,Candle In The Wind 1997
1173,1174,U2,The Saints Are Coming
1174,1175,Kendrick Lamar,King Kunta
1175,1176,Barry White,"You're The First, The Last, My Everything"
1176,1177,Lady Gaga,Born This Way
1177,1178,The Beatles,In My Life
1178,1179,Queen,I Want It All
1179,1180,Red Hot Chili Peppers,Dani California
1180,1181,The Smiths,How Soon Is Now?
1181,1182,The Moody Blues,Question
1182,1183,Paul Simon,50 Ways To Leave Your Lover
1183,1184,Midnight Oil,Beds Are Burning
1184,1185,Paul Kalkbrenner,Sky And Sand
1185,1186,Robbie Williams,Mr. Bojangles
1186,1187,Ilse DeLange,I Still Cry
1187,1188,Doe Maar,Pa
1188,1189,Paul McCartney,We All Stand Together
1189,1190,U2,Stuck In A Moment You Can't Get Out Of
1190,1191,Scorpions,Send Me An Angel
1191,1192,Madness,Our House
1192,1193,Earth,Storm And Thunder
1193,1194,Suzan,Vas-y
1194,1195,Karin Bloemen,Geen Kind Meer
1195,1196,Rammstein,Amerika
1196,1197,Clannad,In A Lifetime
1197,1198,Macklemore,Can't Hold Us
1198,1199,Anouk,Girl
1199,1200,Ben E. King,Stand By Me
1200,1201,Alice Cooper,How You Gonna See Me Now
1201,1202,Marco Borsato,De Bestemming
1202,1203,Robert Long,Flink Zijn
1203,1204,Lou Reed,Walk On The Wild Side
1204,1205,ABBA,Angel Eyes
1205,1206,Pharrell Williams,Happy
1206,1207,Wildstylez ,Year Of Summer
1207,1208,The Black Eyed Peas,Where Is The Love
1208,1209,Bob Marley,Could You Be Loved
1209,1210,Kraftwerk,Autobahn
1210,1211,Prince,Kiss
1211,1212,Whitney Houston,I Wanna Dance With Somebody
1212,1213,The Blues Brothers,Everybody Needs Somebody To Love
1213,1214,The Chainsmokers,Something Just Like This
1214,1215,Elbow,Lippy Kids
1215,1216,Chicago,If You Leave Me Now
1216,1217,Carpenters,Top Of The World
1217,1218,De Dijk,Als Het Golft
1218,1219,The War On Drugs,Pain
1219,1220,"Crosby, Stills, Nash",Almost Cut My Hair
1220,1221,Blondie,Denis
1221,1222,Rowwen Hèze,Bestel Mar
1222,1223,Normaal,De Boer Dat Is De Keerl
1223,1224,Coldplay,Trouble
1224,1225,Eminem,Sing For The Moment
1225,1226,Arctic Monkeys,Fluorescent Adolescent
1226,1227,Keane,Bend And Break
1227,1228,Band Aid,Do They Know It's Christmas
1228,1229,Bruno Mars,When I Was Your Man
1229,1230,Racoon,Geef Je Hart Niet Zomaar Weg
1230,1231,Daft Punk ,Get Lucky
1231,1232,Sniff 'n The Tears,Driver's Seat
1232,1233,Barbra Streisand,Guilty
1233,1234,De Dijk,Kan Ik Iets Voor Je Doen?
1234,1235,Queen,Fat Bottomed Girls
1235,1236,First Aid Kit,My Silver Lining
1236,1237,Taylor Swift ,Coney Island
1237,1238,Marco Borsato,Ik Leef Niet Meer Voor Jou
1238,1239,Muse,Time Is Running Out
1239,1240,Fleetwood Mac,You Make Lovin' Fun
1240,1241,Elvis Presley,The Devil In Disguise
1241,1242,Claw Boys Claw,Rosie
1242,1243,Bob Dylan,Knockin' On Heaven's Door
1243,1244,Michael Jackson,Bad
1244,1245,John Hiatt,Have A Little Faith In Me
1245,1246,Neil Diamond,September Morn
1246,1247,Simple Minds,Someone Somewhere In Summertime
1247,1248,Harry Styles,Treat People With Kindness
1248,1249,Bruno Mars,Locked Out Of Heaven
1249,1250,Jimi Hendrix,Voodoo Child
1250,1251,Coldplay,Adventure Of A Lifetime
1251,1252,Eros Ramazzotti,Cose Della Vita
1252,1253,Mecano,Hijo De La Luna
1253,1254,Bon Jovi,Wanted
1254,1255,REO Speedwagon,Keep On Loving You
1255,1256,Dire Straits,Why Worry
1256,1257,Madness,Night Boat To Cairo
1257,1258,Roxette,Listen To Your Heart
1258,1259,Kenny Rogers,The Gambler
1259,1260,Suzan,Blauwe Dag
1260,1261,"Marco Borsato, Armin van Buuren",Hoe Het Danst
1261,1262,Imagine Dragons,Natural
1262,1263,Céline Dion,My Heart Will Go On
1263,1264,Green Day,Holiday
1264,1265,Kate Bush,Babooshka
1265,1266,Ilse DeLange,Miracle
1266,1267,Meat Loaf,Two Out Of Three Ain't Bad
1267,1268,Gladys Knight,Midnight Train To Georgia
1268,1269,Alice In Chains,Rooster
1269,1270,Darude,Sandstorm
1270,1271,Marianne Rosenberg,Ich Bin Wie Du
1271,1272,Fleetwood Mac,Seven Wonders
1272,1273,Talking Heads,Road To Nowhere
1273,1274,The Who,Pinball Wizard
1274,1275,Kim Wilde,Cambodia
1275,1276,Marco Borsato,Afscheid Nemen Bestaat Niet
1276,1277,George Michael,You Have Been Loved
1277,1278,Nena,Nur Geträumt
1278,1279,Christina Aguilera,Hurt
1279,1280,David Bowie,Sound And Vision
1280,1281,Billy Joel,Scenes From An Italian Restaurant
1281,1282,Anouk,One Word
1282,1283,Nina Simone,Feeling Good
1283,1284,The Clash,London Calling
1284,1285,Elvis Presley,An American Trilogy
1285,1286,Racoon,Nickel For Goodbye
1286,1287,Roxette,It Must Have Been Love
1287,1288,3 Doors Down,Here Without You
1288,1289,Billy Joel,We Didn't Start The Fire
1289,1290,Jimi Hendrix,The Wind Cries Mary
1290,1291,Manic Street Preachers,Motorcycle Emptiness
1291,1292,Veldhuis,Ik Wou Dat Ik Jou Was
1292,1293,Bruce Springsteen,No Surrender
1293,1294,Bee Gees,You Should Be Dancing
1294,1295,Green Day,21 Guns
1295,1296,Alanis Morissette,You Oughta Know
1296,1297,Tiësto,Adagio For Strings
1297,1298,Wham!,Club Tropicana
1298,1299,Matthias Reim,Verdammt Ich Lieb' Dich
1299,1300,George Michael,As
1300,1301,Jethro Tull,Locomotive Breath
1301,1302,The Common Linnets,Calm After The Storm
1302,1303,Imagine Dragons,Enemy
1303,1304,John Denver,Calypso
1304,1305,Counting Crows,Mr. Jones
1305,1306,Blink-182,All The Small Things
1306,1307,Placebo,Pure Morning
1307,1308,Flemming,Automatisch
1308,1309,The Fray,How To Save A Life
1309,1310,GorkI,Mia
1310,1311,Boudewijn de Groot,Het Land Van Maas En Waal
1311,1312,The Killers,Somebody Told Me
1312,1313,Madness,Baggy Trousers
1313,1314,Taylor Swift,Bad Blood
1314,1315,The Temper Trap,Sweet Disposition
1315,1316,Michael Kiwanuka,Love And Hate
1316,1317,Justin Timberlake,Mirrors
1317,1318,Alannah Myles,Black Velvet
1318,1319,The Communards,Don't Leave Me This Way
1319,1320,The Beatles,Michelle
1320,1321,Kings Of Leon,Use Somebody
1321,1322,Harry Styles,Adore You
1322,1323,Lenny Kravitz,Are You Gonna Go My Way?
1323,1324,MGMT,Kids
1324,1325,Stevie Nicks,Edge Of Seventeen
1325,1326,Lee Towers,You'll Never Walk Alone
1326,1327,Ed Sheeran,Photograph
1327,1328,Taylor Swift,I Knew You Were Trouble
1328,1329,Chuck Berry,Johnny B. Goode
1329,1330,Herman van Veen,Hilversum 3
1330,1331,Is Ook Schitterend,Voltooid Verleden Tijd
1331,1332,Alderliefste,Une Belle Histoire/Een Mooi Verhaal
1332,1333,Queen,Bicycle Race
1333,1334,S10,De Diepte
1334,1335,Janis Joplin,Mercedes Benz
1335,1336,The Rolling Stones,Honky Tonk Women
1336,1337,Rob de Nijs,Alles Wat Ademt
1337,1338,Triggerfinger,I Follow Rivers
1338,1339,BLØF,Aanzoek Zonder Ringen
1339,1340,The Beatles,The Fool On The Hill
1340,1341,Bee Gees,Night Fever
1341,1342,Queen,Friends Will Be Friends
1342,1343,Ike,Nutbush City Limits
1343,1344,Rondé,Love Myself
1344,1345,Het Goede Doel,Vriendschap
1345,1346,Sabrina Carpenter,Espresso
1346,1347,Jeff Buckley,"Lover, You Should've Come Over"
1347,1348,Simon,Scarborough Fair
1348,1349,Kanye West,..In Paris
1349,1350,Lynyrd Skynyrd,Simple Man
1350,1351,"Earth, Wind",Boogie Wonderland
1351,1352,Arcade Fire,Everything Now
1352,1353,Les Poppys,Non Non Rien n'a Changé
1353,1354,Michael Kiwanuka,Home Again
1354,1355,Marc Cohn,Walking In Memphis
1355,1356,Green Day,Jesus Of Suburbia
1356,1357,Elton John,Cold Heart
1357,1358,Melanie,Beautiful People
1358,1359,Guus Meeuwis,De Weg
1359,1360,Bob Dylan,The Times They Are A-Changin'
1360,1361,Janis Joplin,Cry Baby
1361,1362,The The,Uncertain Smile
1362,1363,Meau ,Dans M'n Ogen Dicht
1363,1364,White Lies,Farewell To The Fairground
1364,1365,Eagles,Tequila Sunrise
1365,1366,Tiësto,Traffic
1366,1367,Talk Talk,Life's What You Make It
1367,1368,Lucifer,House For Sale
1368,1369,DI-RECT,90s Kid
1369,1370,Nirvana,About A Girl
1370,1371,Steppenwolf,Born To Be Wild
1371,1372,U2,When Love Comes To Town
1372,1373,Harry Styles,Late Night Talking
1373,1374,Bob Marley,Is This Love
1374,1375,Pearl Jam,Daughter
1375,1376,2Pac,Dear Mama
1376,1377,Johan,Tumble And Fall
1377,1378,The Teskey Brothers,Hold Me
1378,1379,Muse,Madness
1379,1380,Doe Maar,Nederwiet
1380,1381,Tears For Fears,Sowing The Seeds Of Love
1381,1382,Faithless,We Come 1
1382,1383,Kensington,Do I Ever
1383,1384,Status Quo,Rockin' All Over The World
1384,1385,Led Zeppelin,Since I've Been Loving You
1385,1386,BLØF,Dichterbij Dan Ooit
1386,1387,Ed Sheeran,Supermarket Flowers
1387,1388,Pink Floyd,Breathe
1388,1389,Snow Patrol,Just Say Yes
1389,1390,Mark Knopfler,Going Home: Theme Of The Local Hero
1390,1391,Foo Fighters,Best Of You
1391,1392,Lenny Kravitz,Let Love Rule
1392,1393,The Human League,Don't You Want Me
1393,1394,Creedence Clearwater Revival,Down On The Corner
1394,1395,Fleetwood Mac,Oh Well
1395,1396,Bee Gees,You Win Again
1396,1397,Taylor Swift,We Are Never Ever Getting Back Together
1397,1398,Laura Pausini,La Solitudine
1398,1399,Mike,The Living Years
1399,1400,Seal,Crazy
1400,1401,Nirvana,In Bloom
1401,1402,Duran Duran,Save A Prayer
1402,1403,Red Hot Chili Peppers,Give It Away
1403,1404,Mr. Mister,Broken Wings
1404,1405,Kensington,Riddles
1405,1406,Spider Murphy Gang,Skandal Im Sperrbezirk
1406,1407,Rob de Nijs,Niet Voor Het Laatst
1407,1408,Manu Chao,Me Gustas Tu
1408,1409,Creedence Clearwater Revival,Long As I Can See The Light
1409,1410,Barbra Streisand,Memory
1410,1411,Madonna,Frozen
1411,1412,"Thomas Acda, Paul de Munnik, Maan",Als Ik Je Weer Zie
1412,1413,Lukas Graham,7 Years
1413,1414,America,Ventura Highway
1414,1415,Frank Boeijen Groep,Hier Komt De Storm
1415,1416,R.E.M.,Drive
1416,1417,The Script ,Hall Of Fame
1417,1418,André Hazes,'n Vriend
1418,1419,Live,The Dolphin's Cry
1419,1420,David Bowie,Rebel Rebel
1420,1421,The Bangles,Eternal Flame
1421,1422,Muse,Resistance
1422,1423,Doobie Brothers,What A Fool Believes
1423,1424,Nirvana,Something In The Way
1424,1425,Post Malone,Circles
1425,1426,Fleetwood Mac,Gypsy
1426,1427,Leonard Cohen,Take This Waltz
1427,1428,Marco Borsato,De Waarheid
1428,1429,The Doors,Roadhouse Blues
1429,1430,The Trammps,Disco Inferno
1430,1431,Stevie Wonder,I Wish
1431,1432,R.E.M.,Man On The Moon
1432,1433,Muse,Undisclosed Desires
1433,1434,Benson Boone,Beautiful Things
1434,1435,Olivia Rodrigo,Good 4 U
1435,1436,Imagine Dragons,On Top Of The World
1436,1437,Eminem,The Monster
1437,1438,Simon,Cecilia
1438,1439,Justin Timberlake,Can't Stop The Feeling!
1439,1440,Peter Gabriel,Sledgehammer
1440,1441,Earth,Memories
1441,1442,Michael Andrews ,Mad World
1442,1443,U2,Vertigo
1443,1444,Tom Petty,Learning To Fly
1444,1445,Whitney Houston,I Have Nothing
1445,1446,Bill Withers,Lovely Day
1446,1447,Chappell Roan,"Good Luck, Babe!"
1447,1448,Lady Gaga,Poker Face
1448,1449,Jamiroquai,Virtual Insanity
1449,1450,Beth Hart,L.A. Song
1450,1451,The Cure,Lovesong
1451,1452,BLØF,Wat Zou Je Doen?
1452,1453,Adele,Rumour Has It
1453,1454,Ilse Delange,I'm Not So Tough
1454,1455,Kate Bush,Army Dreamers
1455,1456,The Smiths,Heaven Knows I'm Miserable Now
1456,1457,Drs. P,Dodenrit
1457,1458,Peter Gabriel,Biko
1458,1459,Paul McCartney,Mull Of Kintyre
1459,1460,Tom Waits,Tom Traubert's Blues
1460,1461,Outfield,Your Love
1461,1462,Spinvis,Bagagedrager
1462,1463,Doobie Brothers,Long Train Runnin'
1463,1464,Dave Brubeck Quartet,Take Five
1464,1465,Pet Shop Boys,It's A Sin
1465,1466,Pommelien Thijs,Nu Wij Niet Meer Praten
1466,1467,John Mayer,Free Fallin'
1467,1468,Alice Cooper,School's Out
1468,1469,Golden Earring,Back Home
1469,1470,Fugees,Killing Me Softly
1470,1471,Danny Vera,Pressure Makes Diamonds
1471,1472,Frank Ocean,Lost
1472,1473,Robert Long,Kalverliefde
1473,1474,Ralph McTell,Streets Of London
1474,1475,Normaal,Alie
1475,1476,Eminem,Like Toy Soldiers
1476,1477,George Baker Selection,Little Green Bag
1477,1478,The Script,If You Could See Me Now
1478,1479,Imagine Dragons,Bones
1479,1480,Foo Fighters,Times Like These
1480,1481,Joe Cocker,N'Oubliez Jamais
1481,1482,Sophie Ellis Bextor,Murder On The Dancefloor
1482,1483,Herman van Veen,Suzanne
1483,1484,Of Monsters And Men,Little Talks
1484,1485,Stevie Ray Vaughan,Pride And Joy
1485,1486,Daryl Hall,Maneater
1486,1487,The Hollies,"He Ain't Heavy, He's My Brother"
1487,1488,Iggy Pop,Candy
1488,1489,Janis Ian,At Seventeen
1489,1490,Billy Joel,Uptown Girl
1490,1491,Simply Red,Stars
1491,1492,Guns N' Roses,Live And Let Die
1492,1493,Flemming,Amsterdam
1493,1494,Metejoor,Wat Wil Je Van Mij
1494,1495,Creedence Clearwater Revival,Up Around The Bend
1495,1496,Led Zeppelin,Dazed And Confused
1496,1497,DI-RECT,Devil Don't Care
1497,1498,George Harrison,My Sweet Lord
1498,1499,Cock Robin,The Promise You Made
1499,1500,Level 42,Lessons In Love
1500,1501,Pet Shop Boys,West End Girls
1501,1502,Ben Howard,Keep Your Head Up
1502,1503,The War On Drugs,I Don't Live Here Anymore
1503,1504,Lana Del Rey,Radio
1504,1505,Elbow,Magnificent
1505,1506,U2,City Of Blinding Lights
1506,1507,The Smiths,This Charming Man
1507,1508,Faith No More,Epic
1508,1509,Adele,Turning Tables
1509,1510,Paolo Nutini,Candy
1510,1511,Electric Light Orchestra,Don't Bring Me Down
1511,1512,Sam Cooke,A Change Is Gonna Come
1512,1513,Extreme,More Than Words
1513,1514,Pat Benatar,Love Is A Battlefield
1514,1515,Loreen,Euphoria
1515,1516,The Offspring,Pretty Fly
1516,1517,Jeff Wayne,Forever Autumn
1517,1518,Coldplay,Every Teardrop Is A Waterfall
1518,1519,Acda en De Munnik,Mooi Liedje
1519,1520,Michael Jackson,Stranger In Moscow
1520,1521,Brian May,Too Much Love Will Kill You
1521,1522,Cuby,Somebody Will Know Someday
1522,1523,David Bowie,Lazarus
1523,1524,Golden Earring,Hold Me Now
1524,1525,Walk The Moon,Shut Up And Dance
1525,1526,Harry Styles,Music For A Sushi Restaurant
1526,1527,BLØF,Zaterdag
1527,1528,Arctic Monkeys,Why'd You Only Call Me When You're High?
1528,1529,Normaal,Ik Bun Moar Een Eenvoudige Boerenlul
1529,1530,Nick,Pak Maar Mijn Hand
1530,1531,André Hazes,Het Laatste Rondje
1531,1532,Radiohead,High And Dry
1532,1533,Céline Dion,Tell Him
1533,1534,Tom Petty,Free Fallin'
1534,1535,Bruce Hornsby,The Way It Is
1535,1536,Dua Lipa,Houdini
1536,1537,Pulp,Common People
1537,1538,Eva Cassidy,Songbird
1538,1539,Owl City,Fireflies
1539,1540,R.E.M.,Shiny Happy People
1540,1541,Yes,Roundabout
1541,1542,P!nk ,Cover Me In Sunshine
1542,1543,Michael Jackson,Rock With You
1543,1544,The Beatles,Help!
1544,1545,Black,Wonderful Life
1545,1546,Delerium ,Silence
1546,1547,Katie Melua,Nine Million Bicycles
1547,1548,House Of Pain,Jump Around
1548,1549,Elton John,Don't Go Breaking My Heart
1549,1550,André Hazes,Ik Meen 't
1550,1551,Eminem,Cleanin' Out My Closet
1551,1552,Madonna,Live To Tell
1552,1553,Kodaline,All I Want
1553,1554,Queen,Save Me
1554,1555,Blondie,Heart Of Glass
1555,1556,Whitney Houston,Greatest Love Of All
1556,1557,Robbie Williams,She's The One
1557,1558,Herman van Veen,Anne
1558,1559,Lionel Richie,Hello
1559,1560,David Bowie,This Is Not America
1560,1561,Dire Straits,So Far Away
1561,1562,Paolo Conte,Max
1562,1563,Orchestral Manoeuvres In The Dark,Enola Gay
1563,1564,Queens Of The Stone Age,Make It Wit Chu
1564,1565,Robert Plant,Big Log
1565,1566,Marco Borsato,Zij
1566,1567,Cuby,Appleknockers Flophouse
1567,1568,Bush,Glycerine
1568,1569,Meat Loaf,For Crying Out Loud
1569,1570,Tom Petty,Mary Jane's Last Dance
1570,1571,Thin Lizzy,The Boys Are Back In Town
1571,1572,The Prodigy,No Good
1572,1573,Florence + The Machine,You've Got The Love
1573,1574,Elvis Presley,Love Me Tender
1574,1575,Stromae,Tous Les Mêmes
1575,1576,Typhoon,Hemel Valt
1576,1577,Queen,You Don't Fool Me
1577,1578,Haevn,Where The Heart Is
1578,1579,Ilse DeLange,So Incredible
1579,1580,Bob Marley,Stir It Up
1580,1581,OneRepublic,Counting Stars
1581,1582,Steve Harley,Make Me Smile
1582,1583,Michael Jackson,Human Nature
1583,1584,The Dubliners,The Wild Rover
1584,1585,The Beatles,All You Need Is Love
1585,1586,Gorillaz,On Melancholy Hill
1586,1587,Tom Odell,Grow Old With Me
1587,1588,Patti Smith Group,Because The Night
1588,1589,Bruce Springsteen,Human Touch
1589,1590,The Cure,Just Like Heaven
1590,1591,P!nk,Raise Your Glass
1591,1592,The National,Bloodbuzz Ohio
1592,1593,ABBA,Summer Night City
1593,1594,Live,Run To The Water
1594,1595,Elvis Presley,Guitar Man
1595,1596,Tracy Chapman,Talkin' Bout A Revolution
1596,1597,Simply Red,If You Don't Know Me By Now
1597,1598,Chris Stapleton,Cold
1598,1599,Danny Vera,Hold On To Let Go
1599,1600,The Pogues,Dirty Old Town
1600,1601,Bruce Springsteen,Secret Garden
1601,1602,Lana Del Rey,Doin' Time
1602,1603,Stealers Wheel,Stuck In The Middle With You
1603,1604,Crowded House,Weather With You
1604,1605,Frank Boeijen Groep,Winter In Hamburg
1605,1606,Imagine Dragons,Bad Liar
1606,1607,Snollebollekes,Links Rechts
1607,1608,The Moody Blues,Tuesday Afternoon
1608,1609,Willie Nelson,Always On My Mind
1609,1610,Tears For Fears,Head Over Heels
1610,1611,The Rolling Stones,Angry
1611,1612,Patrick Hernandez,Born To Be Alive
1612,1613,The Alan Parsons Project,Don't Answer Me
1613,1614,Supertramp,Hide In Your Shell
1614,1615,Julio Iglesias,Quiero
1615,1616,André van Duin,Als De Zon Schijnt
1616,1617,Clouseau,Domino
1617,1618,Japan,Nightporter
1618,1619,Rod Stewart,Maggie May
1619,1620,Duran Duran,The Reflex
1620,1621,Chris Stapleton,White Horse
1621,1622,Coldplay,Charlie Brown
1622,1623,S10,Adem Je In
1623,1624,Toto,Home Of The Brave
1624,1625,Snelle,Blijven Slapen
1625,1626,Madonna,La Isla Bonita
1626,1627,Dido,White Flag
1627,1628,Jenny Arean,Vluchten Kan Niet Meer
1628,1629,Elton John,Sorry Seems To Be The Hardest Word
1629,1630,Billy Idol,Eyes Without A Face
1630,1631,Adele,Water Under The Bridge
1631,1632,Elton John,Can You Feel The Love Tonight
1632,1633,Kane,Damn Those Eyes
1633,1634,Patrick Bruel,Casser La Voix
1634,1635,Tim Hardin,How Can We Hang On To A Dream
1635,1636,Ramses Shaffy,Sammy
1636,1637,Clannad,Theme From 'Harry's Game'
1637,1638,Tina Turner,We Don't Need Another Hero
1638,1639,Douwe Bob,I Do
1639,1640,Bruce Springsteen,Racing In The Street
1640,1641,Snow Patrol,Shut Your Eyes
1641,1642,Stevie Wonder,Sir Duke
1642,1643,The Who,Won't Get Fooled Again
1643,1644,Within Temptation,Memories
1644,1645,Bruno Mars,Grenade
1645,1646,The Rolling Stones,Under My Thumb
1646,1647,Etta James,I'd Rather Go Blind
1647,1648,George Michael,I Knew You Were Waiting
1648,1649,Dire Straits,Water Of Love
1649,1650,Jean Michel Jarre,Oxygene IV
1650,1651,Thin Lizzy,Whisky In The Jar
1651,1652,Eric Clapton,Cocaine
1652,1653,Guns N' Roses,You Could Be Mine
1653,1654,Brainbox,Summertime
1654,1655,Stereophonics,Dakota
1655,1656,Genesis,Home By The Sea
1656,1657,Roberta Flack,The First Time Ever I Saw Your Face
1657,1658,Michael Jackson,Will You Be There
1658,1659,Amy Winehouse,Love Is A Losing Game
1659,1660,Johnny Cash,San Quentin
1660,1661,Joe Cocker,Unchain My Heart
1661,1662,ABBA,Money Money Money
1662,1663,Niall Horan,Slow Hands
1663,1664,De Dijk,Laat Het Vanavond Gebeuren
1664,1665,Nits,Nescio
1665,1666,Krezip,Lost Without You
1666,1667,The Rolling Stones,Little Red Rooster
1667,1668,Paul de Leeuw,Vlieg Met Me Mee
1668,1669,Amanda Marshall,Beautiful Goodbye
1669,1670,The Hollies,The Air That I Breathe
1670,1671,Golden Earring,I Can't Sleep Without You
1671,1672,Suzanne Vega,Luka
1672,1673,Ed Sheeran,Bad Habits
1673,1674,The Police,Walking On The Moon
1674,1675,Stereophonics,Maybe Tomorrow
1675,1676,Twarres,Wer Bisto
1676,1677,Roy Orbison,In Dreams
1677,1678,Cyndi Lauper,Time After Time
1678,1679,Barry Ryan,Eloise
1679,1680,U.S.A. For Africa,We Are The World
1680,1681,Therapy?,Diane
1681,1682,Fleetwood Mac,Big Love
1682,1683,Sia,Unstoppable
1683,1684,Bruno Mars,24K Magic
1684,1685,UB40,Food For Thought
1685,1686,Swedish House Mafia ,Moth To A Flame
1686,1687,Elvis Presley,Return To Sender
1687,1688,Michael Jackson,Don't Stop 'Til You Get Enough
1688,1689,André Hazes,Het Is Koud Zonder Jou
1689,1690,Hans de Booij,Annabel
1690,1691,David Bowie,Golden Years
1691,1692,The Weeknd ,Starboy
1692,1693,Don Henley,New York Minute
1693,1694,Meat Loaf,Heaven Can Wait
1694,1695,Diggy Dex,La Vie Est Belle
1695,1696,Peter Gabriel,In Your Eyes
1696,1697,The Beatles,She's Leaving Home
1697,1698,The Babys,Everytime I Think Of You
1698,1699,Coldplay,Green Eyes
1699,1700,Youp van 't Hek,Flappie
1700,1701,Backstreet Boys,Everybody
1701,1702,Metallica,Memory Remains
1702,1703,The Verve,The Drugs Don't Work
1703,1704,The Who,Overture
1704,1705,Volbeat ,Lonesome Rider
1705,1706,KISS,Sure Know Something
1706,1707,Smashing Pumpkins,Bullet With Butterfly Wings
1707,1708,James Blunt,Goodbye My Lover
1708,1709,Guano Apes,Open Your Eyes
1709,1710,Norah Jones,Sunrise
1710,1711,Stevie Wonder,Isn't She Lovely
1711,1712,John Mayer,Last Train Home
1712,1713,Prince,I Would Die 4 U
1713,1714,Talk Talk,Living In Another World
1714,1715,Sugarhill Gang,Rapper's Delight
1715,1716,Martin Garrix,Animals
1716,1717,Red Hot Chili Peppers,By The Way
1717,1718,Chef'Special,Speed Of Light
1718,1719,The Black Crowes,Remedy
1719,1720,Alan Walker,Faded
1720,1721,Frankie Goes To Hollywood,Relax
1721,1722,Ed Sheeran,Shivers
1722,1723,Anouk,For Bitter Or Worse
1723,1724,Weather Girls,It's Raining Men
1724,1725,Creed,With Arms Wide Open
1725,1726,Herman Brood,Als Je Wint
1726,1727,Kings Of Leon,Pyro
1727,1728,Chris Rea,Josephine
1728,1729,S10,Laat Me Los
1729,1730,The Cats,Times Were When
1730,1731,Danny Vera,The Devil's Son
1731,1732,Empire Of The Sun,Walking On A Dream
1732,1733,Tom Jones,Green Green Grass Of Home
1733,1734,Earth,Weekend
1734,1735,Yes,Close To The Edge
1735,1736,The Prodigy,Breathe
1736,1737,The Rolling Stones,Midnight Rambler
1737,1738,The National,I Need My Girl
1738,1739,Chicago,25 Or 6 To 4
1739,1740,Vance Joy,Riptide
1740,1741,Jacques Brel,Mijn Vlakke Land
1741,1742,Youssou N'Dour,7 Seconds
1742,1743,Avicii,Addicted To You
1743,1744,Bee Gees,Spicks And Specks
1744,1745,The Hollies,Long Cool Woman
1745,1746,Imagine Dragons,Sharks
1746,1747,Foo Fighters,All My Life
1747,1748,Tanita Tikaram,Twist In My Sobriety
1748,1749,Curtis Mayfield,Move On Up
1749,1750,The Black Keys,Gold On The Ceiling
1750,1751,Editors,An End Has A Start
1751,1752,BLØF,Hier
1752,1753,The Buoys,Give Up Your Guns
1753,1754,Guus Meeuwis,'t Dondert En 't Bliksemt
1754,1755,Marvin Gaye,I Heard It Through The Grapevine
1755,1756,Roger Glover,Love Is All
1756,1757,Coldplay,Talk
1757,1758,Marvin Gaye,Sexual Healing
1758,1759,Floor Jansen,Fire
1759,1760,Armin van Buuren,Blah Blah Blah
1760,1761,ABBA,The Name Of The Game
1761,1762,Led Zeppelin,Black Dog
1762,1763,One Direction,Night Changes
1763,1764,R.E.M.,The One I Love
1764,1765,Hozier,Too Sweet
1765,1766,Wheatus,Teenage Dirtbag
1766,1767,Neil Diamond,Love On The Rocks
1767,1768,Jimi Hendrix,Purple Haze
1768,1769,Michael Bublé,Feeling Good
1769,1770,Eminem,My Name Is
1770,1771,Elvis Presley vs. Junkie XL,A Little Less Conversation
1771,1772,U2,Angel Of Harlem
1772,1773,Crash Test Dummies,Mmm Mmm Mmm Mmm
1773,1774,Cyndi Lauper,Girls Just Want To Have Fun
1774,1775,The Rolling Stones,Jumpin' Jack Flash
1775,1776,The Script,Breakeven
1776,1777,Van Halen,Panama
1777,1778,Queen,Tie Your Mother Down
1778,1779,Boudewijn de Groot,Prikkebeen
1779,1780,"Emerson, Lake",Peter Gunn Theme
1780,1781,Ronan Keating,When You Say Nothing At All
1781,1782,Cutting Crew,I Just Died In Your Arms Tonight
1782,1783,Michael Jackson,The Way You Make Me Feel
1783,1784,Lewis Capaldi,Wish You The Best
1784,1785,Mika,Grace Kelly
1785,1786,Rihanna ,Stay
1786,1787,Rondé,Bright Eyes
1787,1788,Outkast,Hey Ya!
1788,1789,Alain Clark,Father & Friend
1789,1790,Billy Joel,New York State Of Mind
1790,1791,Racoon,Shoes Of Lightning
1791,1792,Herbert Grönemeyer,Mensch
1792,1793,Rowwen Hèze,'T Roeie Klied
1793,1794,Ramses Shaffy,Wij Zullen Doorgaan
1794,1795,Alanis Morissette,Thank U
1795,1796,Creedence Clearwater Revival,Born On The Bayou
1796,1797,Prince,The Cross
1797,1798,Sting,Desert Rose
1798,1799,Marvin Gaye,Ain't No Mountain High Enough
1799,1800,Luke Combs,Fast Car
1800,1801,Herman Brood,Still Believe
1801,1802,Billy Ocean,Love Really Hurts Without You
1802,1803,Van Morrison,Into The Mystic
1803,1804,A-ha,Hunting High And Low
1804,1805,Paul Simon,Late In The Evening
1805,1806,Post Malone,Chemical
1806,1807,Ultravox,Dancing With Tears In My Eyes
1807,1808,Maarten van Roozendaal,Red Mij Niet
1808,1809,Michael Jackson,Off The Wall
1809,1810,Bill Withers,Just The Two Of Us
1810,1811,David Bowie,The Man Who Sold The World
1811,1812,Editors,The Racing Rats
1812,1813,Armand,Ben Ik Te Min
1813,1814,Joe Cocker,Up Where We Belong
1814,1815,Elvis Presley,Are You Lonesome Tonight?
1815,1816,Cher,Believe
1816,1817,P!nk,Never Gonna Not Dance Again
1817,1818,Beastie Boys,Fight For Your Right
1818,1819,Spinvis,Voor Ik Vergeet
1819,1820,Billy Joel,Honesty
1820,1821,The Beatles,I Am The Walrus
1821,1822,James Taylor,Fire And Rain
1822,1823,U2,Ordinary Love
1823,1824,Van Morrison,Moondance
1824,1825,David Bowie,Blackstar
1825,1826,Notorious B.I.G.,Hypnotize
1826,1827,P!nk,Dear Mr. President
1827,1828,LP,Lost On You
1828,1829,Snelle,Reünie
1829,1830,Prince,Let's Go Crazy
1830,1831,Deep Purple,Black Night
1831,1832,Ed Sheeran,Galway Girl
1832,1833,Guus Meeuwis,Proosten
1833,1834,The Beatles,Lucy In The Sky With Diamonds
1834,1835,Foreigner,Cold As Ice
1835,1836,Bob Marley,Buffalo Soldier
1836,1837,Bill Medley,The Time Of My Life
1837,1838,James Taylor,You've Got A Friend
1838,1839,The Beatles,Ob-La-Di Ob-La-Da
1839,1840,Bruce Springsteen,Brilliant Disguise
1840,1841,Sweet,Fox On The Run
1841,1842,Vandenberg,Burning Heart
1842,1843,Coldplay,A Head Full Of Dreams
1843,1844,De Kast,Hart Van Mijn Gevoel
1844,1845,Boudewijn de Groot,Als De Rook Om Je Hoofd Is Verdwenen
1845,1846,Bruce Springsteen,Hungry Heart
1846,1847,Frankie Goes To Hollywood,Two Tribes
1847,1848,Toto,I'll Be Over You
1848,1849,Drukwerk,Schijn 'n Lichtje Op Mij
1849,1850,AC/DC,It's A Long Way To The Top
1850,1851,Reinhard Mey,Gute Nacht Freunde
1851,1852,Tears For Fears,Mad World
1852,1853,Electric Light Orchestra,Livin' Thing
1853,1854,Ramones,Blitzkrieg Bop
1854,1855,Gilbert Bécaud,Nathalie
1855,1856,Barbra Streisand,The Way We Were
1856,1857,Dolly Dots,Love Me Just A Little Bit More
1857,1858,The Prodigy,Out Of Space
1858,1859,Stevie Wonder,As
1859,1860,Bruno Mars,Just The Way You Are
1860,1861,2 Brothers On The 4th Floor,Come Take My Hand
1861,1862,Bonnie Raitt,I Can't Make You Love Me
1862,1863,Boudewijn de Groot,Een Meisje Van 16
1863,1864,Nina Simone,My Baby Just Cares For Me
1864,1865,Mumford,Hopeless Wanderer
1865,1866,Swedish House Mafia ,Don't You Worry Child
1866,1867,Paul Simon,Homeless
1867,1868,Boney M.,Rivers Of Babylon
1868,1869,Coldplay,In My Place
1869,1870,Sera,Head Held High
1870,1871,Van Halen,Why Can't This Be Love
1871,1872,The Beatles,Sgt. Pepper's Lonely Hearts Club Band
1872,1873,Vitesse,Rosalyn
1873,1874,Bökkers,Kold Bloed
1874,1875,George Michael,One More Try
1875,1876,Diesel,Sausolito Summernight
1876,1877,Whitney Houston,One Moment In Time
1877,1878,Robert Cray Band,Right Next Door
1878,1879,Run DMC ,Walk This Way
1879,1880,Queen,A Winter's Tale
1880,1881,Dan Hartman,Relight My Fire
1881,1882,Doe Maar,Tijd Genoeg
1882,1883,The Beatles,Here There And Everywhere
1883,1884,Coldplay x BTS,My Universe
1884,1885,Beyoncé,Love On Top
1885,1886,Scott McKenzie,San Francisco
1886,1887,Golden Earring,Weekend Love
1887,1888,The Doors,Love Her Madly
1888,1889,Rob De Nijs,Zondag
1889,1890,Steely Dan,Do It Again
1890,1891,Beyoncé,Crazy In Love
1891,1892,Genesis,Invisible Touch
1892,1893,Boney M.,Rasputin
1893,1894,Crowded House,Into Temptation
1894,1895,The Kinks,Waterloo Sunset
1895,1896,Chris Isaak,Blue Hotel
1896,1897,Otis Redding,I've Got Dreams To Remember
1897,1898,Ph.D.,I Won't Let You Down
1898,1899,Flemming,Paracetamollen
1899,1900,Willie Nelson,On The Road Again
1900,1901,2 Unlimited,No Limit
1901,1902,Phil Collins,Take Me Home
1902,1903,Arctic Monkeys,Snap Out Of It
1903,1904,Ten Years After,I'm Going Home
1904,1905,Nielson,IJskoud
1905,1906,George Michael,Older
1906,1907,Santana,Europa
1907,1908,Status Quo,In The Army Now
1908,1909,Kensington,All For Nothing
1909,1910,Kane,No Surrender
1910,1911,Muse,Feeling Good
1911,1912,Ella Fitzgerald,Summertime
1912,1913,Green Day,When I Come Around
1913,1914,Leonard Cohen,Famous Blue Raincoat
1914,1915,Fleetwood Mac,Never Going Back Again
1915,1916,Niall Horan,Nice To Meet Ya
1916,1917,Drukwerk,Je Loog Tegen Mij
1917,1918,Duncan Browne,The Wild Places
1918,1919,John Mayer,Waiting On The World To Change
1919,1920,Blaudzun,Promises Of No Man's Land
1920,1921,Dire Straits,Calling Elvis
1921,1922,Foster The People,Pumped Up Kicks
1922,1923,Grace Jones,La Vie En Rose
1923,1924,Phil Collins,You Can't Hurry Love
1924,1925,Stef Bos,Ik Heb Je Lief
1925,1926,Phil Collins,Something Happened On The Way To Heaven
1926,1927,The Babys,Isn't It Time
1927,1928,Boston,Don't Look Back
1928,1929,P!nk,Family Portrait
1929,1930,Joe Cocker,You Can Leave Your Hat On
1930,1931,The Beach Boys,Sloop John B
1931,1932,James Blunt,You're Beautiful
1932,1933,Bon Jovi,In These Arms
1933,1934,Fats Domino,Blueberry Hill
1934,1935,Michael Jackson,Liberian Girl
1935,1936,Guus Meeuwis,Per Spoor
1936,1937,INXS,Need You Tonight
1937,1938,Eagles,Peaceful Easy Feeling
1938,1939,Gossip,Heavy Cross
1939,1940,Jefferson Airplane,Somebody To Love
1940,1941,Fatboy Slim,Praise You
1941,1942,Johnny Cash,A Thing Called Love
1942,1943,Coldplay,Higher Power
1943,1944,Nick,De Soldaat
1944,1945,Madonna,Vogue
1945,1946,Anouk,Hold Me
1946,1947,Tröckener Kecks,Met Hart en Ziel
1947,1948,Jonathan Jeremiah,Happiness
1948,1949,Pearl Jam,Rearviewmirror
1949,1950,Rainbow,Catch The Rainbow
1950,1951,Keane,This Is The Last Time
1951,1952,Roy Orbison,"Oh, Pretty Woman"
1952,1953,Shania Twain,You're Still The One
1953,1954,Labi Siffre,So Strong
1954,1955,OutKast,Ms. Jackson
1955,1956,Smashing Pumpkins,"Tonight, Tonight"
1956,1957,Wolfmother,Woman
1957,1958,ABBA,Don't Shut Me Down
1958,1959,The Doors,Touch Me
1959,1960,The Rolling Stones,As Tears Go By
1960,1961,John Denver,Thank God I'm A Country Boy
1961,1962,Suzan,Dromen In Kleur
1962,1963,The Doors,Break On Through
1963,1964,Carpenters,Close To You
1964,1965,Womack,Teardrops
1965,1966,Paul McCartney,Live And Let Die
1966,1967,Sade,Your Love Is King
1967,1968,Traveling Wilburys,Handle With Care
1968,1969,Smash Mouth,All Star
1969,1970,Creedence Clearwater Revival,Lookin' Out My Back Door
1970,1971,Roxy Music,More Than This
1971,1972,Blackstreet ,No Diggity
1972,1973,Damien Rice,The Blower's Daughter
1973,1974,Henk Wijngaard,Met De Vlam In De Pijp
1974,1975,Lorde,Royals
1975,1976,Birdy,Skinny Love
1976,1977,Rihanna,Love On The Brain
1977,1978,Doe Maar,Nachtzuster
1978,1979,Simply Red,Fairground
1979,1980,KISS,Detroit Rock City
1980,1981,Robbie Williams,The Road To Mandalay
1981,1982,Robin S,Show Me Love
1982,1983,The Beatles,For No One
1983,1984,Spinvis,Ik Wil Alleen Maar Zwemmen
1984,1985,Pink Floyd,Run Like Hell
1985,1986,Lenny Kravitz,Always On The Run
1986,1987,Elvis Presley,Blue Suede Shoes
1987,1988,U2,Elevation
1988,1989,The Beatles,When I'm Sixty-Four
1989,1990,Acda en De Munnik,Als Je Bij Me Weggaat
1990,1991,George Ezra,Budapest
1991,1992,Prince,Diamonds And Pearls
1992,1993,Jeff Buckley,Grace
1993,1994,David Bowie,Fame
1994,1995,Gary Moore,Out In The Fields
1995,1996,Dire Straits,Once Upon A Time In The West
1996,1997,Bruce Springsteen,Bobby Jean
1997,1998,Goldband,De Langste Nacht
1998,1999,R.E.M.,It's The End Of The World As We Know It
1999,2000,Queens Of The Stone Age,I Sat By The Ocean
