1 ,Bohemian Rhapsody,Queen,1975
2 ,Fix You,Coldplay,2005
3 ,Hotel California,Eagles,1977
4 ,Roller Coaster,Danny Vera,2019
5 ,Piano Man,Billy Joel,1973
6 ,Better Days,Dermot Kennedy,2021
7 ,Stairway To Heaven,Led Zeppelin,1971
8 ,Avond,Boudewijn de Groot,1997
9 ,Love Of My Life,Queen,1975
10 ,Black,Pearl Jam,1992
11 ,Nothing Else Matters (Albumversie),Metallica,1992
12 ,Wish You Were Here,Pink Floyd,1975
13 ,The Sound Of Silence,Disturbed,2016
14 ,Soldier On,DI-RECT,2020
15 ,Comfortably Numb (Albumversie),Pink Floyd,1979
16 ,Sultans Of Swing,Dire Straits,1978
17 ,November Rain,Guns N' Roses,1992
18 ,Brothers In Arms (Albumversie),Dire Straits,1985
19 ,Child In Time (Albumversie),Deep Purple,1970
20 ,Radar Love (Albumversie),Golden Earring,1973
21 ,Oceaan,Racoon,2012
22 ,A Forest,The Cure,1980
23 ,Telegraph Road (Albumversie),Dire Straits,1982
24 ,Africa,Toto,1982
25 ,Shine On You Crazy Diamond (Pts. 1-5),Pink Floyd,1975
26 ,Viva La Vida,Coldplay,2008
27 ,One (Albumversie),Metallica,1994
28 ,In The End,Linkin Park,2000
29 ,Purple Rain (Albumversie),Prince & The Revolution,1984
30 ,Thunderstruck,AC/DC,1990
31 ,Heroes (Albumversie),David Bowie,1976
32 ,Innuendo,Queen,1991
33 ,Master Of Puppets,Metallica,1986
34 ,Cold Little Heart (Albumversie),Michael Kiwanuka,2016
35 ,The Chain,Fleetwood Mac,1977
36 ,Paradise By The Dashboard Light (Albumversie),Meat Loaf,1978
37 ,The River,Bruce Springsteen,1981
38 ,Smells Like Teen Spirit,Nirvana,1991
39 ,Go Your Own Way,Fleetwood Mac,1977
40 ,Impossible (Orchestral Version Live at Abbey Road),Nothing But Thieves,2020
41 ,The Sound Of Silence,Simon en Garfunkel,1966
42 ,Over De Muur,Klein Orkest,1984
43 ,Just Breathe,Pearl Jam,2009
44 ,Shallow,Lady Gaga & Bradley Cooper,2018
45 ,In The Air Tonight (Albumversie),Phil Collins,1981
46 ,Imagine,John Lennon,1971
47 ,Killing In The Name,Rage Against The Machine,1992
48 ,Lose Yourself,Eminem,2002
49 ,Dancing Queen,ABBA,1976
50 ,Don't Stop Me Now,Queen,1979
51 ,Fool's Overture,Supertramp,1977
52 ,Yellow,Coldplay,2000
53 ,God Only Knows,The Beach Boys,1966
54 ,Creep,Radiohead,1992
55 ,Another Love,Tom Odell,2012
56 ,Back To Black,Amy Winehouse,2007
57 ,Het Dorp,Wim Sonneveld,1974
58 ,Enter Sandman,Metallica,1991
59 ,School,Supertramp,1974
60 ,Hurt,Johnny Cash,2002
61 ,Door De Wind,Miss Montreal,2020
62 ,Sweet Child O' Mine (Albumversie),Guns N' Roses,1987
63 ,Papa,Stef Bos,1991
64 ,Sunday Bloody Sunday,U2,1985
65 ,Somebody To Love (Live),George Michael & Queen,1993
66 ,Here Comes The Sun,The Beatles,1969
67 ,Clocks,Coldplay,2003
68 ,Who Wants To Live Forever,Queen,1986
69 ,Iron Sky (Albumversie),Paolo Nutini,2014
70 ,Angels,Robbie Williams,1998
71 ,Lola Montez,Volbeat,2013
72 ,The Scientist (Albumversie),Coldplay,2002
73 ,Alive,Pearl Jam,1992
74 ,The Show Must Go On,Queen,1991
75 ,Private Investigations (Albumversie),Dire Straits,1982
76 ,Old And Wise,The Alan Parsons Project,1982
77 ,Jolene,Dolly Parton,1974
78 ,Het Regent Zonnestralen,Acda en De Munnik,1998
79 ,Uprising,Muse,2009
80 ,Brabant,Guus Meeuwis,2003
81 ,Mr. Blue Sky,Electric Light Orchestra,1978
82 ,Don't Stop Believin',Journey,1981
83 ,Enjoy The Silence,Depeche Mode,1990
84 ,Zombie,The Cranberries,1994
85 ,One,U2,1992
86 ,Angie,The Rolling Stones,1973
87 ,Blackbird,The Beatles,1968
88 ,Tonight,Son Mieux,2023
89 ,A Sky Full Of Stars,Coldplay & Avicii,2014
90 ,Bridge Over Troubled Water,Simon en Garfunkel,1970
91 ,Dreams,Fleetwood Mac,1977
92 ,Mr. Brightside,The Killers,2005
93 ,Money For Nothing (Albumversie),Dire Straits,1985
94 ,Pastorale,Liesbeth List & Ramses Shaffy,1969
95 ,Another Brick In The Wall,Pink Floyd,1979
96 ,Belfast Child,Simple Minds,1989
97 ,Where The Streets Have No Name (Albumversie),U2,1987
98 ,Paint It Black,The Rolling Stones,1966
99 ,Sorry,Kensington,2016
100 ,Highway To Hell,AC/DC,1979
101 ,Have You Ever Seen The Rain,Creedence Clearwater Revival,1971
102 ,Bitter Sweet Symphony (Albumversie),The Verve,1997
103 ,When The Lady Smiles (Albumversie),Golden Earring,1984
104 ,Phantom Of The Opera,Floor Jansen & Henk Poort,2019
105 ,Suspicious Minds,Elvis Presley,1969
106 ,Knights Of Cydonia (Albumversie),Muse,2006
107 ,Chasing Cars,Snow Patrol,2006
108 ,Iris,The Goo Goo Dolls,1999
109 ,Under The Bridge,Red Hot Chili Peppers,1991
110 ,Sympathy For The Devil (Albumversie),The Rolling Stones,1973
111 ,Deutschland,Rammstein,2019
112 ,Sonne,Rammstein,2001
113 ,A Whiter Shade Of Pale,Procol Harum,1967
114 ,Careless Whisper,George Michael,1984
115 ,Under Pressure,Queen & David Bowie,1981
116 ,Wuthering Heights,Kate Bush,1978
117 ,Riders On The Storm (Albumversie),The Doors,1971
118 ,Whole Lotta Rosie,AC/DC,1978
119 ,Du Hast,Rammstein,1997
120 ,Don't Look Back In Anger,Oasis,1996
121 ,Somewhere Only We Know,Keane,2004
122 ,Paranoid,Black Sabbath,1970
123 ,Gimme Shelter,The Rolling Stones,1969
124 ,Tennessee Whiskey,Chris Stapleton,2015
125 ,Sign Of The Times,Harry Styles,2017
126 ,Losing My Religion,R.E.M.,1991
127 ,Forever Young,Alphaville,1984
128 ,I Still Haven't Found What I'm Looking For,U2,1987
129 ,Into My Arms,Nick Cave & The Bad Seeds,1996
130 ,With Or Without You,U2,1987
131 ,Yesterday,The Beatles,1965
132 ,Multicolor,Son Mieux,2022
133 ,Fields Of Gold,Sting,1993
134 ,Hey Jude,The Beatles,1968
135 ,Your Song,Elton John,1971
136 ,Let It Be,The Beatles,1970
137 ,Stil In Mij,Van Dik Hout,1994
138 ,Troy,Sinéad O'Connor,1987
139 ,Europapa,Joost,2024
140 ,Fortunate Son,Creedence Clearwater Revival,1969
141 ,The Pretender,Foo Fighters,2007
142 ,Sterrenstof,De Jeugd Van Tegenwoordig,2010
143 ,The Winner Takes It All,ABBA,1980
144 ,Billie Jean,Michael Jackson,1983
145 ,Mag Ik Dan Bij Jou,Claudia de Breij,2011
146 ,Dancing In The Dark,Bruce Springsteen,1985
147 ,The House Of The Rising Sun,The Animals,1964
148 ,Dream On,Aerosmith,1973
149 ,Running Up That Hill (Albumversie),Kate Bush,1985
150 ,Streets Of Philadelphia,Bruce Springsteen,1994
151 ,Voila,Barbara Pravi,2021
152 ,Gotta Catch 'Em All (Pokemon Theme Song),Jason Paige,1997
153 ,Chop Suey!,System Of A Down,2001
154 ,Gimme Gimme Gimme,ABBA,1979
155 ,Nothing Compares 2 U,Sinéad O'Connor,1990
156 ,Earth Song (Albumversie),Michael Jackson,1995
157 ,Fast Car,Tracy Chapman,1988
158 ,Summer Of '69,Bryan Adams,1990
159 ,Space Oddity (Albumversie),David Bowie,1969
160 ,Dansen Op De Vulkaan,De Dijk,1987
161 ,Fear Of The Dark (Live),Iron Maiden,1993
162 ,Wonderwall,Oasis,1995
163 ,(Sittin' On) The Dock Of The Bay,Otis Redding,1968
164 ,Nights In White Satin,The Moody Blues,1968
165 ,Zoutelande,BLOF ft. Geike,2017
166 ,Tears In Heaven,Eric Clapton,1992
167 ,Kleine Jongen,André Hazes,1990
168 ,Nobody's Wife,Anouk,1997
169 ,Insomnia (Albumversie),Faithless,1996
170 ,Jeanny,Falco,1986
171 ,Come As You Are,Nirvana,1991
172 ,Hallelujah,Leonard Cohen,1984
173 ,Goodnight Saigon,Billy Joel,1983
174 ,Proud Mary,Ike & Tina Turner,1971
175 ,Someone Like You,Adele,2011
176 ,Fragile,Sting,1988
177 ,Islands In The Stream,Kenny Rogers & Dolly Parton,1983
178 ,Numb,Linkin Park,2003
179 ,Echoes,Pink Floyd,1971
180 ,Everlong,Foo Fighters,1997
181 ,Three Little Birds,Bob Marley & The Wailers,1977
182 ,Laat Me,Ramses Shaffy,1978
183 ,Don't You (Forget About Me),Simple Minds,1985
184 ,Noodgeval,Goldband,2021
185 ,Overcome,Nothing But Thieves,2023
186 ,Formidable,Stromae,2013
187 ,Engelbewaarder,Marco Schuitmaker,2023
188 ,Californication,Red Hot Chili Peppers,1999
189 ,The Last Resort (Albumversie),Eagles,1976
190 ,Bed Of Roses (Albumversie),Bon Jovi,1993
191 ,Sorry,Kyteman,2009
192 ,Uncharted,Kensington,2019
193 ,Sweet Caroline,Neil Diamond,1969
194 ,Die With A Smile,Lady Gaga & Bruno Mars,2024
195 ,Oude Maasweg,The Amazing Stroopwafels,1982
196 ,Rolling In The Deep,Adele,2010
197 ,Story Of My Life,One Direction,2013
198 ,All Too Well (10 Minute Version),Taylor Swift,2021
199 ,Love You More,Racoon,2005
200 ,The Unforgettable Fire,U2,1984
201 ,Bad Moon Rising,Creedence Clearwater Revival,1969
202 ,Street Spirit (Fade Out),Radiohead,1994
203 ,Free Bird (Albumversie),Lynyrd Skynyrd,1974
204 ,Amsterdam,Nothing But Thieves,2017
205 ,Smoke On The Water (Albumversie),Deep Purple,1973
206 ,Desperado,Eagles,1973
207 ,Chiquitita,ABBA,1979
208 ,In The Ghetto,Elvis Presley,1969
209 ,Lose Control,Teddy Swims,2023
210 ,"Bloed, Zweet En Tranen",André Hazes,2002
211 ,Saturday Night,Herman Brood & His Wild Romance,1978
212 ,Perfect Day,Lou Reed,1972
213 ,Music,John Miles,1976
214 ,Everybody Wants To Rule The World,Tears For Fears,1985
215 ,Another 45 Miles (Naked),Golden Earring,1992
216 ,Kayleigh,Marillion,1985
217 ,Karma Police,Radiohead,1997
218 ,Kronenburg Park,Frank Boeijen Groep,1985
219 ,Linger,The Cranberries,1993
220 ,Perfect,Ed Sheeran,2017
221 ,She Sells Sanctuary,The Cult,1986
222 ,Niemand In De Stad,De Dijk,1989
223 ,Landslide,Fleetwood Mac,1975
224 ,Always Remember Us This Way,Lady Gaga,2019
225 ,Sara (Albumversie),Fleetwood Mac,1980
226 ,Starman,David Bowie,1972
227 ,Fade To Black,Metallica,1984
228 ,One,Mary J. Blige & U2,2006
229 ,Eleanor Rigby,The Beatles,1966
230 ,September,"Earth, Wind & Fire",1979
231 ,Beautiful Day,U2,2000
232 ,Somebody To Love,Queen,1976
233 ,Paradise City (Albumversie),Guns N' Roses,1989
234 ,Take Me To Church,Hozier,2014
235 ,Songbird,Fleetwood Mac,1977
236 ,Skyfall,Adele,2012
237 ,Engel,Rammstein,1997
238 ,Wind Of Change,Scorpions,1991
239 ,Als Ze Er Niet Is,De Dijk,1994
240 ,Lightning Crashes,Live,1995
241 ,Lay All Your Love On Me,ABBA,1980
242 ,Ice Queen (Albumversie),Within Temptation,2001
243 ,Angel Of Death,Slayer,1986
244 ,I Put A Spell On You,Creedence Clearwater Revival,1972
245 ,Jeremy,Pearl Jam,1991
246 ,Haus Am See,Peter Fox,2009
247 ,The Boxer (Albumversie),Simon en Garfunkel,1969
248 ,November,Rowwen Hèze,2000
249 ,Tragedy,Bee Gees,1979
250 ,Pride (In The Name Of Love),U2,1984
251 ,Hallelujah (Albumversie),Jeff Buckley,1994
252 ,Ghost Love Score (Live@Wacken 2013),Nightwish,2013
253 ,Last Christmas,Wham!,1984
254 ,Voor Haar,Frans Halsema,1977
255 ,Walk Of Life,Dire Straits,1985
256 ,Stan (Albumversie),Eminem & Dido,2000
257 ,Bad,U2,1984
258 ,My Immortal,Evanescence,2003
259 ,I'm On Fire,Bruce Springsteen,1985
260 ,Dust In The Wind,Kansas,1978
261 ,Englishman In New York,Sting,1988
262 ,Everywhere,Fleetwood Mac,1987
263 ,Hold The Line,Toto,1979
264 ,Make It A Memory,Krezip & Danny Vera,2022
265 ,Whole Lotta Love (Albumversie),Led Zeppelin,1969
266 ,Rainbow In The Sky,DJ Paul Elstak,1995
267 ,Society,Eddie Vedder,2007
268 ,Video Games,Lana Del Rey,2011
269 ,Laat Me/Vivre,Alderliefste & Ramses Shaffy & Liesbeth List,2005
270 ,Blinding Lights,The Weeknd,2019
271 ,Boulevard Of Broken Dreams,Green Day,2004
272 ,While My Guitar Gently Weeps,The Beatles,1968
273 ,Onderweg,Abel,2000
274 ,Kashmir,Led Zeppelin,1975
275 ,God Is A DJ,Faithless,1998
276 ,Leave The Light On,Beth Hart,2004
277 ,Whiskey In The Jar,Metallica,1998
278 ,Psycho,Muse,2015
279 ,The Unforgiven (Albumversie),Metallica,1991
280 ,Everybody Hurts,R.E.M.,1993
281 ,The Rose,Bette Midler,1980
282 ,Iedereen Is Van De Wereld,The Scene,1991
283 ,Do I Wanna Know?,Arctic Monkeys,2013
284 ,Against All Odds (Take A Look At Me Now),Phil Collins,1984
285 ,One Day Like This,Elbow,2008
286 ,Deurdonderen (Live),Normaal,1982
287 ,Silent Lucidity,Queensrÿche,1991
288 ,Lopen Tot De Zon Komt,Acda en De Munnik,1997
289 ,I Want To Break Free,Queen,1984
290 ,California Dreamin',The Mamas & The Papas,1966
291 ,Romeo And Juliet (Albumversie),Dire Straits,1980
292 ,Time,Pink Floyd,1973
293 ,Wake Me Up,Avicii ft. Aloe Blacc,2013
294 ,Livin' On A Prayer,Bon Jovi,1986
295 ,Empire State Of Mind,Jay-Z & Alicia Keys,2009
296 ,Time In A Bottle,Jim Croce,1972
297 ,Run To The Hills,Iron Maiden,1982
298 ,Papillon,Editors,2009
299 ,My Boy,Elvis Presley,1975
300 ,Take On Me,A-ha,1985
301 ,Vincent,Don McLean,1972
302 ,Terug In De Tijd,Yves Berendse,2024
303 ,She's Always A Woman,Billy Joel,1978
304 ,I'm Still Standing,Elton John,1983
305 ,Another Day In Paradise,Phil Collins,1989
306 ,I Would Stay,Krezip,2000
307 ,Don't Give Up,Peter Gabriel & Kate Bush,1986
308 ,Don't Let The Sun Go Down On Me,George Michael & Elton John,1991
309 ,Ace Of Spades,Motorhead,1980
310 ,We Will Rock You,Queen,1977
311 ,Through The Looking Glass,DI-RECT,2022
312 ,L'enfer,Stromae,2022
313 ,The Logical Song,Supertramp,1979
314 ,Du,Peter Maffay,1971
315 ,505,Arctic Monkeys,2007
316 ,Je Blik Richting Mij,Bankzitters,2022
317 ,Tougher Than The Rest,Bruce Springsteen,1987
318 ,Born Slippy,Underworld,1996
319 ,Thriller (Albumversie),Michael Jackson,1983
320 ,"Zing, Vecht, Huil, Bid, Lach, Werk En Bewonder",Ramses Shaffy,1971
321 ,Zeit,Rammstein,2022
322 ,Every Breath You Take,The Police,1983
323 ,What Was I Made For?,Billie Eilish,2023
324 ,Grijs,Jaap Reesema,2022
325 ,Dochters,Marco Borsato,2008
326 ,Still Got The Blues (Albumversie),Gary Moore,1990
327 ,I'm Gonna Be (500 Miles),Proclaimers,1988
328 ,Twilight Zone (Albumversie),Golden Earring,1982
329 ,Ne Me Quitte Pas,Jacques Brel,1959
330 ,Op Fietse,Skik,1997
331 ,99 Luftballons,Nena,1983
332 ,My Hometown,Bruce Springsteen,1986
333 ,Eagle (Albumversie),ABBA,1978
334 ,Barcelona,Freddie Mercury & Montserrat Caballé,1987
335 ,My Way,Frank Sinatra,1969
336 ,No One Knows,Queens Of The Stone Age,2002
337 ,Make You Feel My Love,Adele,2008
338 ,Black Hole Sun,Soundgarden,1994
339 ,Wicked Game,Chris Isaak,1991
340 ,Basket Case,Green Day,1994
341 ,As It Was,Harry Styles,2022
342 ,Sad Man's Tongue,Volbeat,2007
343 ,Zeg Me Dat Het Niet Zo Is,Frank Boeijen Groep,1990
344 ,If I Can Dream,Elvis Presley,1968
345 ,Testament,Boudewijn de Groot,1967
346 ,Set Fire To The Rain,Adele,2011
347 ,Atemlos Durch Die Nacht (Albumversie),Helene Fischer,2013
348 ,Always On My Mind,Elvis Presley,1972
349 ,De Peel In Brand,Rowwen Hèze,2005
350 ,Une Belle Histoire,Michel Fugain,1972
351 ,Kryptonite,3 Doors Down,2000
352 ,Another One Bites The Dust,Queen,1980
353 ,Stayin' Alive,Bee Gees,1978
354 ,Treur Niet (Ode Aan Het Leven),Diggy Dex ft. JW Roy,2015
355 ,La Bohème,Charles Aznavour,1966
356 ,She,Charles Aznavour,1974
357 ,I Was Made For Lovin' You,KISS,1979
358 ,More Than A Feeling (Albumversie),Boston,1976
359 ,How Deep Is Your Love,Bee Gees,1977
360 ,All Along The Watchtower,Jimi Hendrix,1968
361 ,The Man Who Sold The World (Unplugged),Nirvana,1994
362 ,Mother Earth,Within Temptation,2002
363 ,Welcome To The Jungle,Guns N' Roses,1987
364 ,Sorry,Nothing But Thieves,2017
365 ,Lithium,Nirvana,1991
366 ,Born To Run,Bruce Springsteen,1975
367 ,Harder Dan Ik Hebben Kan,BLOF,1999
368 ,Hello,Adele,2015
369 ,Killer Queen,Queen,1974
370 ,Bat Out Of Hell (Albumversie),Meat Loaf,1977
371 ,The Man With The Child In His Eyes,Kate Bush,1978
372 ,The Load Out / Stay (Albumversie),Jackson Browne,1977
373 ,Does Your Mother Know?,ABBA,1979
374 ,White Rabbit,Jefferson Airplane,1967
375 ,Mamma Mia,ABBA,1975
376 ,Beat It,Michael Jackson,1983
377 ,Dat Heb Jij Gedaan,Meau,2021
378 ,A Day In The Life,The Beatles,1967
379 ,Ruthless Queen,Kayak,1979
380 ,The Day Before You Came,ABBA,1982
381 ,Ring Of Fire,Johnny Cash,1963
382 ,(I Can't Get No) Satisfaction,The Rolling Stones,1965
383 ,Heart Of Gold,Neil Young,1972
384 ,Tijd Verliezen,Racoon,2021
385 ,De Vlieger,André Hazes,1977
386 ,Zij Gelooft In Mij (2004),André Hazes,2004
387 ,Worn Down Piano,Mark & Clark Band,1977
388 ,Graceland (Albumversie),Paul Simon,1986
389 ,Dansen Aan Zee,BLOF,2000
390 ,Valerie,Mark Ronson ft. Amy Winehouse,2007
391 ,Baba O'Riley,The Who,1971
392 ,Redemption Song,Bob Marley & The Wailers,1980
393 ,"Take Me Home, Country Roads",John Denver,1971
394 ,Mama (Albumversie),Genesis,1983
395 ,Verdronken Vlinder,Boudewijn de Groot,1966
396 ,Blauw,The Scene,1991
397 ,Rocket Man,Elton John,1972
398 ,Can't Help Falling In Love,Elvis Presley,1961
399 ,Sinds 1 Dag Of 2 (32 Jaar),Doe Maar,1981
400 ,Hurricane (Albumversie),Bob Dylan,1975
401 ,The Whole Of The Moon (Albumversie),The Waterboys,1986
402 ,Badlands,Bruce Springsteen,1978
403 ,Solsbury Hill,Peter Gabriel,1977
404 ,Eye In The Sky (Albumversie),The Alan Parsons Project,1982
405 ,Oerend Hard,Normaal,1977
406 ,Run,Snow Patrol,2004
407 ,Geef Mij Je Angst,André Hazes,1983
408 ,Man In The Mirror,Michael Jackson,1988
409 ,De Bom,Doe Maar,1982
410 ,Who'll Stop The Rain?,Creedence Clearwater Revival,1970
411 ,There Is a Light That Never Goes Out,The Smiths,1986
412 ,Poison,Alice Cooper,1989
413 ,Paranoid Android,Radiohead,1997
414 ,Stapelgek,Bankzitters,2021
415 ,Vivo Per Lei,Andrea Bocelli & Giorgia,1996
416 ,The Great Gig In The Sky,Pink Floyd,1972
417 ,Cupido,Bankzitters,2023
418 ,Estranged,Guns N' Roses,1994
419 ,Aan De Kust (Live),BLOF,1998
420 ,Window Of My Eyes,Cuby & the Blizzards,1968
421 ,Alive And Kicking,Simple Minds,1985
422 ,I Feel Love,Donna Summer,1977
423 ,Let It Happen (Albumversie),Tame Impala,2015
424 ,Little Lies,Fleetwood Mac,1987
425 ,Vienna,Ultravox,1981
426 ,Stiekem,Maan x Goldband,2022
427 ,Cloudbusting,Kate Bush,1985
428 ,Vienna,Billy Joel,1977
429 ,Foto Van Vroeger,Rob de Nijs,1980
430 ,Demons,Imagine Dragons,2014
431 ,Me And Bobby McGee,Janis Joplin,1971
432 ,We Are The Champions,Queen,1977
433 ,Mag Het Licht Uit,De Dijk,1987
434 ,La Grange,ZZ Top,1973
435 ,Smalltown Boy,Bronski Beat,1984
436 ,Jesus To A Child,George Michael,1996
437 ,Champagne Supernova (Albumversie),Oasis,1996
438 ,How My Heart Was Won,DI-RECT,2023
439 ,Is Dit Nou Later,Stef Bos,1990
440 ,Someone You Loved,Lewis Capaldi,2019
441 ,Knocking On Heaven's Door,Guns N' Roses,1992
442 ,Back In Black,AC/DC,1980
443 ,Sad But True,Metallica,1992
444 ,Stop Loving You,Toto,1988
445 ,Het Het Nog Nooit Zo Donker West,Ede Staal,1984
446 ,Diamonds,The Boxer Rebellion,2013
447 ,Bring Me To Life,Evanescence,2003
448 ,Supermassive Black Hole,Muse,2006
449 ,Het Is Al Laat Toch,Racoon,2020
450 ,Breaking The Habit,Linkin Park,2004
451 ,Seven Nation Army,White Stripes,2003
452 ,Even Flow,Pearl Jam,1991
453 ,Waterdicht,Hannah Mae,2023
454 ,Ain't No Sunshine,Bill Withers,1971
455 ,One Of These Nights,Eagles,1975
456 ,Ik Wil Dansen,Froukje,2021
457 ,Smoorverliefd,Doe Maar,1981
458 ,Bad Guy,Billie Eilish,2019
459 ,Zeg Maar Niets Meer,André Hazes,1982
460 ,Alles Geprobeerd (Albumversie),Het Goede Doel,1986
461 ,Annie's Song,John Denver,1976
462 ,Exit Music (For A Film),Radiohead,1997
463 ,Happy New Year,ABBA,1980
464 ,Gangsta's Paradise,Coolio,1995
465 ,Kom Terug,Spinvis,2012
466 ,Money (Albumversie),Pink Floyd,1973
467 ,Believer,Imagine Dragons,2017
468 ,Ren Lenny Ren,Acda en De Munnik,2002
469 ,Why Tell Me Why,Anita Meyer,1981
470 ,Toen Ik Je Zag,Hero,1997
471 ,Radio Ga Ga,Queen,1984
472 ,Slippery People (Live),Talking Heads,1985
473 ,In Your Arms,Chef'Special,2014
474 ,Ik Kan Het Niet Alleen,De Dijk,1989
475 ,Roxanne,The Police,1979
476 ,Time To Give,White Lies,2018
477 ,Life On Mars,David Bowie,1973
478 ,Thank You For The Music,ABBA,1978
479 ,Wasted Years,Iron Maiden,1986
480 ,Long Blond Animal,Golden Earring,1980
481 ,Psycho Killer,Talking Heads,1978
482 ,Blue Monday (Albumversie),New Order,1983
483 ,Anti-Hero,Taylor Swift,2022
484 ,I Want To Know What Love Is,Foreigner,1984
485 ,Don't Stop,Fleetwood Mac,1977
486 ,When We Were Young,Adele,2015
487 ,Major Tom (Völlig Losgelöst),Peter Schilling,1983
488 ,Paradise (Albumversie),Coldplay,2011
489 ,Thinking Of A Place (Albumversie),The War On Drugs,2017
490 ,Golden Brown,The Stranglers,1982
491 ,De Vondeling Van Ameland,Boudewijn de Groot,2004
492 ,Numb/Encore,Linkin Park & Jay-Z,2004
493 ,Strong,London Grammar,2014
494 ,Papaoutai,Stromae,2013
495 ,Wrong,Novastar,1999
496 ,Tribute,Tenacious D,2003
497 ,New Year's Day,U2,1983
498 ,The Emptiness Machine,Linkin Park,2024
499 ,The Trooper,Iron Maiden,1983
500 ,Little Lion Man,Mumford & Sons,2010
501 ,Take It Easy,Eagles,1972
502 ,Still Loving You,Scorpions,1987
503 ,Glory Days,Bruce Springsteen,1985
504 ,Zo Stil,BLOF,2012
505 ,Conquest Of Paradise,Vangelis,1995
506 ,The Real Slim Shady,Eminem,2000
507 ,Alone,Heart,1987
508 ,Total Eclipse Of The Heart,Bonnie Tyler,1983
509 ,Message In A Bottle,The Police,1979
510 ,Waterloo,ABBA,1974
511 ,Holiday In Spain,BLOF & Counting Crows,2004
512 ,Don't Dream It's Over,Crowded House,1987
513 ,Groot Hart,De Dijk,1985
514 ,Is Dat Nou Echt?,Bankzitters,2022
515 ,No Surprises,Radiohead,1997
516 ,A Horse With No Name,America,1972
517 ,Cowboys And Angels (Albumversie),George Michael,1991
518 ,Cruel Summer,Taylor Swift,2023
519 ,High Hopes,Pink Floyd,1994
520 ,Somebody That I Used To Know,Gotye ft. Kimbra,2011
521 ,I'm Not In Love (Albumversie),10cc,1975
522 ,Starlight,Muse,2006
523 ,Just A Little Bit Of Peace In My Heart,Golden Earrings,1968
524 ,The Door,Teddy Swims,2023
525 ,Leningrad,Billy Joel,1989
526 ,Radioactive,Imagine Dragons,2012
527 ,Omarm,BLOF,2003
528 ,Ladada (Mon Dernier Mot),Claude,2022
529 ,Changes,2Pac,1998
530 ,You Shook Me All Night Long,AC/DC,1980
531 ,Welterusten Mijnheer De President,Boudewijn de Groot,1966
532 ,Sweet Dreams (Are Made Of This),Eurythmics,1983
533 ,Circle Of Life,Elton John,1994
534 ,België,Het Goede Doel,1982
535 ,Dreamer,Supertramp,1974
536 ,Without Me,Eminem,2002
537 ,Plug In Baby,Muse,2001
538 ,Love Will Tear Us Apart,Joy Division,1980
539 ,Smokers Outside The Hospital Doors,Editors,2007
540 ,Old Man,Neil Young,1972
541 ,Wild Horses,The Rolling Stones,1971
542 ,One More Light,Linkin Park,2016
543 ,Cardigan,Taylor Swift,2020
544 ,Seventeen Going Under,Sam Fender,2021
545 ,Hometown Glory (Albumversie),Adele,2009
546 ,Het Werd Zomer,Rob de Nijs,1977
547 ,Lullaby,The Cure,1989
548 ,Limburg (Live),Rowwen Hèze,1996
549 ,Under The Pressure (Albumversie),The War On Drugs,2014
550 ,Fantasy,"Earth, Wind & Fire",1978
551 ,Lea,The Cats,1968
552 ,Trapped (Live),Bruce Springsteen,1985
553 ,The Power Of Love,Frankie Goes To Hollywood,1984
554 ,This Is The Life,Amy MacDonald,2008
555 ,Witch Doctor,De Staat,2014
556 ,You'll Be In My Heart,Phil Collins,1999
557 ,The End (Albumversie),The Doors,1967
558 ,Brown Eyed Girl,Van Morrison,1967
559 ,Narcotic,Liquido,1998
560 ,A Different Corner,George Michael,1986
561 ,Thunder Road,Bruce Springsteen,1975
562 ,Joan Of Arc (Maid Of Orleans),Orchestral Manoeuvres In The Dark,1982
563 ,Layla (Unplugged),Eric Clapton,1992
564 ,Stick Season,Noah Kahan,2023
565 ,Rockin' In The Free World,Neil Young,1989
566 ,Unfinished Sympathy,Massive Attack,1991
567 ,Halt Mich,Herbert Grönemeyer,1988
568 ,L.A. Woman,The Doors,1971
569 ,Levels,Avicii,2011
570 ,Hald Mich 's Vas,Neet Oét Lottum,2004
571 ,Wake Me Up When September Ends,Green Day,2005
572 ,Kiss From A Rose,Seal,1995
573 ,I Am...I Said,Neil Diamond,1971
574 ,Never Tear Us Apart,INXS,1988
575 ,Would,Alice In Chains,1992
576 ,Born In The U.S.A.,Bruce Springsteen,1985
577 ,Fairytale Of New York,The Pogues & Kirsty Maccoll,1987
578 ,Shake It Off (Taylor's Version),Taylor Swift,2014
579 ,Banger Hart,Rob de Nijs,1996
580 ,Élan (Albumversie),Nightwish,2015
581 ,You Can't Always Get What You Want (Albumversie),The Rolling Stones,1969
582 ,Otherside,Red Hot Chili Peppers,1999
583 ,Come Together,The Beatles,1969
584 ,With A Little Help From My Friends,Joe Cocker,1968
585 ,American Pie (Albumversie),Don McLean,1972
586 ,Learn To Fly,Foo Fighters,1999
587 ,Flowers,Miley Cyrus,2023
588 ,Nao 't Zuuje,Lex Uiting,2017
589 ,Liefs Uit Londen,BLOF,1998
590 ,Feel (Albumversie),Robbie Williams,2002
591 ,The Best,Tina Turner,1989
592 ,Lost,Anouk,2005
593 ,Faith,George Michael,1987
594 ,Hier Kom Ik Weg,Daniël Lohues,2008
595 ,Teardrop,Massive Attack,1998
596 ,'k Heb Je Lief,Paul de Leeuw,1997
597 ,Snow (Hey Oh),Red Hot Chili Peppers,2006
598 ,Driving Home For Christmas,Chris Rea,1986
599 ,Feel Good Inc.,Gorillaz,2005
600 ,A Gentleman's Excuse Me,Fish,1990
601 ,Morgen Wordt Fantastisch,Acda en De Munnik,2023
602 ,Shape Of My Heart,Sting,1993
603 ,Where Did You Sleep Last Night (Unplugged),Nirvana,1994
604 ,Chan Chan,Buena Vista Social Club,1997
605 ,Hammer To Fall (Albumversie),Queen,1984
606 ,Freak On A Leash,Korn,1998
607 ,Geef Mij Je Angst,Guus Meeuwis,2005
608 ,Easy On Me,Adele,2021
609 ,Als Het Avond Is,Suzan en Freek,2018
610 ,Smooth Criminal,Michael Jackson,1988
611 ,De Verzoening,Frank Boeijen Groep,1987
612 ,I Walk The Line,Johnny Cash,1957
613 ,Sex On Fire,Kings Of Leon,2008
614 ,Albatross,Fleetwood Mac,1969
615 ,I'd Do Anything For Love (But I Won't Do That),Meat Loaf,1993
616 ,All Of Me (Albumversie),John Legend,2013
617 ,You'll Never Walk Alone,Gerry & The Pacemakers,1963
618 ,Tonight (Live),Tina Turner & David Bowie,1988
619 ,Like A Prayer,Madonna,1989
620 ,Halo Of Flies,Alice Cooper,1973
621 ,She,Elvis Costello,1999
622 ,Dat Komt Door Jou,Guus Meeuwis,2009
623 ,Rosanna (Albumversie),Toto,1982
624 ,Love Story (Taylors Version),Taylor Swift,2021
625 ,Don't Fear The Reaper,Blue Öyster Cult,1976
626 ,Little Black Submarines,The Black Keys,2011
627 ,The Loneliest,Måneskin,2022
628 ,The Cave,Mumford & Sons,2010
629 ,Patience,Guns N' Roses,1989
630 ,No Woman No Cry (Live),Bob Marley & The Wailers,1975
631 ,Wonderful Tonight,Eric Clapton,1977
632 ,Folsom Prison Blues (Live),Johnny Cash,1968
633 ,I Will Always Love You,Whitney Houston,1992
634 ,Amigo,Chef'Special,2016
635 ,The Boys Of Summer,Don Henley,1985
636 ,Good Riddance (Time Of Your Life),Green Day,1997
637 ,Unwritten,Natasha Bedingfield,2004
638 ,Happier Than Ever,Billie Eilish,2021
639 ,Gaia,Valensia,1993
640 ,Belle Hélène,Doe Maar,1982
641 ,Can I Play With Madness,Iron Maiden,1988
642 ,The Final Countdown,Europe,1986
643 ,Bliss,Muse,2001
644 ,It's A Beautiful Day,Queen,1995
645 ,Year Of The Cat (Albumversie),Al Stewart,1977
646 ,Private Dancer,Tina Turner,1984
647 ,Burning Love,Elvis Presley,1972
648 ,Ironic,Alanis Morissette,1996
649 ,Nightswimming,R.E.M.,1992
650 ,China Girl (Albumversie),David Bowie,1983
651 ,Hey Brother,Avicii,2013
652 ,Such A Shame,Talk Talk,1984
653 ,Het Is Een Nacht... (Levensecht),Guus Meeuwis & Vagant,1995
654 ,One Way Wind,The Cats,1971
655 ,Tusk,Fleetwood Mac,1979
656 ,I Have A Dream,ABBA,1979
657 ,The Less I Know The Better,Tame Impala,2015
658 ,Scar Tissue,Red Hot Chili Peppers,1999
659 ,Always (Albumversie),Bon Jovi,1994
660 ,Once Upon A Time In The West,Ennio Morricone,1976
661 ,American Idiot,Green Day,2004
662 ,Streets,Kensington,2014
663 ,Welcome To The Black Parade,My Chemical Romance,2006
664 ,New Gold Dream (81-82-83-84),Simple Minds,1982
665 ,Freedom! '90,George Michael,1990
666 ,Arcade,Duncan Laurence,2019
667 ,Sweet Goodbyes,Krezip,2009
668 ,Time To Say Goodbye,Andrea Bocelli & Sarah Brightman,1997
669 ,Song 2,Blur,1997
670 ,Immigrant Song,Led Zeppelin,1971
671 ,Holding Back The Years,Simply Red,1985
672 ,Going To The Run,Golden Earring,1991
673 ,Onderuit,De Dijk,1987
674 ,Us And Them (Albumversie),Pink Floyd,1973
675 ,Fields Of Gold,Eva Cassidy,1996
676 ,Rain Down On Me,Kane,2002
677 ,These Are The Days Of Our Lives,Queen,1991
678 ,Suzanne,Leonard Cohen,1968
679 ,Als Het Vuur Gedoofd Is,Acda en De Munnik,1997
680 ,What's Up,4 Non Blondes,1993
681 ,Dreadlock Holiday,10cc,1978
682 ,Heal The World,Michael Jackson,1992
683 ,De Kapitein Deel II,Acda en De Munnik,2000
684 ,Memories,Maroon 5,2019
685 ,Alors On Danse,Stromae,2010
686 ,De Echte Vent,Racoon,2020
687 ,What's Going On,Marvin Gaye,1971
688 ,Samba Pa Ti,Santana,1970
689 ,I Will Always Love You,Dolly Parton,1983
690 ,Slow Dancing In A Burning Room,John Mayer,2006
691 ,Best Song Ever,One Direction,2013
692 ,Dirty Diana,Michael Jackson,1987
693 ,On Every Street,Dire Straits,1991
694 ,River Deep Mountain High,Ike & Tina Turner,1966
695 ,Niet Of Nooit Geweest,Acda en De Munnik,1998
696 ,Massachusetts,Bee Gees,1967
697 ,Der Weg,Herbert Grönemeyer,2002
698 ,When Doves Cry,Prince & The Revolution,1984
699 ,Russians,Sting,1985
700 ,Sign 'O' The Times (Albumversie),Prince,1987
701 ,One Of Us,ABBA,1981
702 ,Take Me Out,Franz Ferdinand,2003
703 ,I Say A Little Prayer,Aretha Franklin,1968
704 ,I Don't Want To Miss A Thing (Albumversie),Aerosmith,1997
705 ,Light My Fire (Albumversie),The Doors,1967
706 ,Jump,Van Halen,1984
707 ,Rehab,Amy Winehouse,2006
708 ,Everything I Wanted,Billie Eilish,2019
709 ,Where The Wild Roses Grow,Nick Cave & Kylie Minogue,1995
710 ,Firth Of Fifth,Genesis,1973
711 ,Mutter,Rammstein,2001
712 ,Bright Eyes,Art Garfunkel,1979
713 ,Let Her Go,Passenger,2012
714 ,Wonderfull Days,Charly Lownoise & Mental Theo,1995
715 ,Porcelain,Moby,1999
716 ,Woman In Chains (Albumversie),Tears For Fears & Oleta Adams,1989
717 ,Fernando,ABBA,1975
718 ,Chasing Pavements,Adele,2008
719 ,Ordinary World,Duran Duran,1993
720 ,Morning Has Broken,Cat Stevens,1972
721 ,Sometimes It Snows In April,Prince & The Revolution,1986
722 ,I Bet You Look Good On The Dancefloor,Arctic Monkeys,2005
723 ,Baker Street (Albumversie),Gerry Rafferty,1978
724 ,Rhiannon (Will You Ever Win),Fleetwood Mac,1976
725 ,Crazy Little Thing Called Love,Queen,1979
726 ,Leave The Door Open,Silk Sonic (Bruno Mars & Anderson .Paak),2021
727 ,1999,Prince,1982
728 ,No More Tears,Ozzy Osbourne,1990
729 ,Boys Don't Cry,The Cure,1986
730 ,Take A Chance On Me,ABBA,1977
731 ,Jimmy,Boudewijn de Groot,1973
732 ,Voulez-Vous,ABBA,1979
733 ,Whatever You Want,Status Quo,1979
734 ,Goud,Suzan en Freek,2021
735 ,Strawberry Fields Forever,The Beatles,1967
736 ,"Non, Je Ne Regrette Rien",Édith Piaf,1961
737 ,Overcome,Live,2001
738 ,Nikita,Elton John,1985
739 ,Sweet Sounds Of Heaven (Albumversie),The Rolling Stones ft. Lady Gaga & Stevie Wonder,2023
740 ,Willow,Taylor Swift,2021
741 ,Mrs. Robinson,Simon en Garfunkel,1968
742 ,They Don't Care About Us,Michael Jackson,1996
743 ,Binnen Zonder Kloppen,De Dijk,1985
744 ,Glory Box (Albumversie),Portishead,1994
745 ,Hey You,Pink Floyd,1979
746 ,California Love,2Pac ft. Dr. Dre,1996
747 ,Million Years Ago,Adele,2016
748 ,Something,The Beatles,1969
749 ,Leaving On A Jet Plane,John Denver,1969
750 ,In Nije Dei,De Kast,1997
751 ,It's My Life,Bon Jovi,2000
752 ,Layla (Albumversie),Derek & The Dominos,1971
753 ,I Will Wait,Mumford & Sons,2012
754 ,Self Esteem,The Offspring,1995
755 ,Sweet Home Alabama,Lynyrd Skynyrd,1974
756 ,Dog Days Are Over,Florence + The Machine,2009
757 ,"Knowing Me, Knowing You",ABBA,1977
758 ,Lavender,Marillion,1985
759 ,Waterfront,Simple Minds,1983
760 ,Like The Way I Do,Melissa Etheridge,1989
761 ,Goodbye Yellow Brick Road,Elton John,1973
762 ,(Everything I Do) I Do It For You (Albumversie),Bryan Adams,1991
763 ,Penny Lane,The Beatles,1967
764 ,De Overkant,Suzan en Freek & Snelle,2020
765 ,Gravity,John Mayer,2006
766 ,Breakthru,Queen,1989
767 ,Colors,Black Pumas,2019
768 ,Our House,"Crosby, Stills, Nash & Young",1970
769 ,What A Wonderful World,Louis Armstrong,1968
770 ,Just Give Me A Reason,P!nk ft. Nate Ruess,2012
771 ,She's A Rainbow,The Rolling Stones,1967
772 ,Human,Rag'n'Bone Man,2016
773 ,How Do I Say Goodbye,Dean Lewis,2022
774 ,Auto Vliegtuug,Rowwen Hèze,1999
775 ,Runnin' With The Devil,Van Halen,1978
776 ,What About Us (Albumversie),P!nk,2017
777 ,Zelfs Je Naam Is Mooi,Henk Westbroek,1998
778 ,Zonder Jou,Paul de Leeuw & Simone Kleinsma,1995
779 ,Have I Told You Lately,Van Morrison,1989
780 ,Birds Of A Feather,Billie Eilish,2024
781 ,Friday I'm In Love,The Cure,1992
782 ,All I Want For Christmas Is You,Mariah Carey,1994
783 ,Liefde Van Later,Herman van Veen,1969
784 ,Father And Son,Cat Stevens,1971
785 ,Zij Maakt Het Verschil,De Poema's,2001
786 ,More Than A Woman,Bee Gees,1977
787 ,Let's Dance,David Bowie,1983
788 ,Like A Hurricane (Albumversie),Neil Young,1977
789 ,Zwart Wit,Frank Boeijen Groep,1984
790 ,Down Under,Men At Work,1982
791 ,9 To 5,Dolly Parton,1981
792 ,She's Not There (Albumversie),Santana,1977
793 ,Don't Cry,Guns N' Roses,1991
794 ,Give A Little Bit,Supertramp,1977
795 ,Civil War,Guns N' Roses,1990
796 ,Tunnel Of Love (Albumversie),Dire Straits,1980
797 ,Once In A Lifetime,Talking Heads,1981
798 ,Daughters,John Mayer,2005
799 ,Arriving Somewhere But Not Here,Porcupine Tree,2005
800 ,Jersey Girl (Live),Bruce Springsteen,1986
801 ,Personal Jesus (Albumversie),Depeche Mode,1990
802 ,Let There Be Rock,AC/DC,1977
803 ,Strange Machines (Albumversie),The Gathering,1996
804 ,The Turn Of A Friendly Card,The Alan Parsons Project,1980
805 ,Jungleland,Bruce Springsteen,1975
806 ,Als Ik God Was,Froukje,2023
807 ,Superstition,Stevie Wonder,1973
808 ,Watskeburt?!,De Jeugd Van Tegenwoordig,2005
809 ,Sovereign Light Cafe,Keane,2012
810 ,Guaranteed,Eddie Vedder,2007
811 ,The Man Who Can't Be Moved,The Script,2008
812 ,I Will Follow (Live),U2,1982
813 ,How You Remind Me,Nickelback,2001
814 ,The Unforgiven II (Albumversie),Metallica,1997
815 ,A Kind Of Magic,Queen,1986
816 ,Thunder,Imagine Dragons,2017
817 ,Where Is My Mind,Pixies,1988
818 ,Lyin' Eyes,Eagles,1975
819 ,Lola (Live),The Kinks,1980
820 ,Red Eyes,The War On Drugs,2013
821 ,De Neus Umhoeg,Rowwen Hèze,1995
822 ,Tranen Gelachen,Guus Meeuwis,2007
823 ,Father Figure,George Michael,1988
824 ,Through The Barricades,Spandau Ballet,1986
825 ,Gold,Spandau Ballet,1983
826 ,Castle On The Hill,Ed Sheeran,2017
827 ,Both Sides Now,Joni Mitchell,1968
828 ,What It Is,Mark Knopfler,2000
829 ,Prachtig Mooie Dag,Daniël Lohues,2011
830 ,Son Of A Preacher Man,Dusty Springfield,1968
831 ,This Town,Niall Horan,2016
832 ,I Just Can't Help Believin',Elvis Presley,1971
833 ,Hind's Hall,Macklemore,2024
834 ,Blauwe Ruis,BLOF,2002
835 ,Thinking Out Loud,Ed Sheeran,2014
836 ,Silver Springs,Fleetwood Mac,1976
837 ,Super Trouper,ABBA,1980
838 ,Ze Huilt Maar Ze Lacht,Maan,2019
839 ,Red Red Wine,UB40,1983
840 ,One Step Beyond,Madness,1979
841 ,Una Mattina,Ludovico Einaudi,2004
842 ,You Give Love A Bad Name,Bon Jovi,1986
843 ,Hocus Pocus,Focus,1971
844 ,Sabotage,Beastie Boys,1994
845 ,Leef,André Hazes Jr.,2016
846 ,Nothing Rhymed,Gilbert O'Sullivan,1971
847 ,Your Latest Trick,Dire Straits,1985
848 ,Good Vibrations,The Beach Boys,1966
849 ,Pompeii,Bastille,2013
850 ,Tubular Bells (Part 1 Albumversie),Mike Oldfield,1974
851 ,Beautiful Noise,Neil Diamond,1976
852 ,You're So Vain,Carly Simon,1973
853 ,Walk,Foo Fighters,2011
854 ,Don't Give Up The Fight,Racoon,2011
855 ,Ben,Michael Jackson,1972
856 ,Running To Stand Still,U2,1987
857 ,My Hero (Live),Foo Fighters,2006
858 ,It's All Coming Back To Me,Céline Dion,1996
859 ,Follow You Follow Me (Albumversie),Genesis,1978
860 ,Thank God It's Christmas,Queen,1984
861 ,Everglow (Albumversie),Coldplay,2015
862 ,You're My Best Friend,Queen,1976
863 ,Respect,Aretha Franklin,1967
864 ,Winter,Tori Amos,1992
865 ,This Is What It Feels Like,Armin van Buuren ft. Trevor Guthrie,2013
866 ,In The Dutch Mountains,Nits,1987
867 ,The Eve Of The War (Albumversie),Jeff Wayne & Justin Hayward,1978
868 ,Duurt Te Lang,Davina Michelle,2018
869 ,Tears Dry On Their Own,Amy Winehouse,2007
870 ,The Long And Winding Road,The Beatles,1970
871 ,Start Me Up,The Rolling Stones,1981
872 ,Uptown Funk,Mark Ronson ft. Bruno Mars,2014
873 ,The Family Tree,Venice,1999
874 ,Is She Really Going Out With Him? (Live),Joe Jackson,1988
875 ,New Kid In Town,Eagles,1977
876 ,Lemon Tree,Fools Garden,1996
877 ,A Boy Named Sue (Live),Johnny Cash,1969
878 ,Michel,Anouk,2000
879 ,The Weight,The Band,1968
880 ,Black Or White,Michael Jackson,1991
881 ,Sebastian (Albumversie),Cockney Rebel,1973
882 ,Only Time,Enya,2000
883 ,I See Fire (Albumversie),Ed Sheeran,2014
884 ,Brown Sugar,The Rolling Stones,1971
885 ,The Next Episode,Dr. Dre ft. Snoop Dogg,2000
886 ,Margherita,Marco Borsato,1996
887 ,Blank Space (Taylor's Version),Taylor Swift,2015
888 ,Hells Bells,AC/DC,1980
889 ,Malle Babbe,Rob de Nijs,1975
890 ,Owner Of A Lonely Heart,Yes,1983
891 ,Drops Of Jupiter (Tell Me),Train,2001
892 ,Hey Joe,Jimi Hendrix,1967
893 ,Con Te Partiro,Andrea Bocelli,1996
894 ,Easy Livin',Uriah Heep,1973
895 ,Never Be Clever,Herman Brood & His Wild Romance,1979
896 ,Road Trippin',Red Hot Chili Peppers,1999
897 ,The Passenger,Iggy Pop,1976
898 ,Firestarter,The Prodigy,1996
899 ,One Step Closer,Linkin Park,2000
900 ,Faster,Within Temptation,2011
901 ,Home,Dotan,2014
902 ,You Can Call Me Al,Paul Simon,1986
903 ,The Rising,Bruce Springsteen,2002
904 ,Papa Was A Rolling Stone (Albumversie),The Temptations,1972
905 ,Norwegian Wood (This Bird Has Flown),The Beatles,1965
906 ,Can't Stop,Red Hot Chili Peppers,2002
907 ,Ziggy Stardust,David Bowie,1972
908 ,State Of Independence,Donna Summer,1982
909 ,Tinseltown In The Rain,The Blue Nile,1984
910 ,What I've Done,Linkin Park,2007
911 ,Stand My Ground,Within Temptation,2004
912 ,Is Dit Alles,Doe Maar,1982
913 ,Heart-Shaped Box,Nirvana,1993
914 ,Moonlight Shadow,Mike Oldfield & Maggie Reilly,1983
915 ,Heaven,Bryan Adams,1985
916 ,Golden,Harry Styles,2020
917 ,Get Back,The Beatles,1969
918 ,S.O.S.,ABBA,1975
919 ,You,Ten Sharp,1991
920 ,Love Like Blood,Killing Joke,1985
921 ,Roll Over Lay Down (Live),Status Quo,1975
922 ,I Gotta Feeling,The Black Eyed Peas,2009
923 ,Not An Addict,K's Choice,1996
924 ,Unchained Melody,Righteous Brothers,1965
925 ,'39,Queen,1975
926 ,Goodbye Stranger (Albumversie),Supertramp,1979
927 ,My Way,Herman Brood,2001
928 ,Zandloper,Typhoon,2014
929 ,Come On Eileen (Albumversie),Dexy's Midnight Runners,1982
930 ,Can't Stop Loving You,Phil Collins,2002
931 ,So Long,Fischer-Z,1980
932 ,Need Your Love So Bad,Fleetwood Mac,1968
933 ,Think (Blues Brothers Version),Aretha Franklin,1980
934 ,I Will Survive,Gloria Gaynor,1979
935 ,White Room,Cream,1968
936 ,Diamonds On The Soles Of Her Shoes (Albumversie),Paul Simon,1986
937 ,That's Life,Frank Sinatra,1966
938 ,Shout,Tears For Fears,1985
939 ,Four Seasons In One Day,Crowded House,1992
940 ,Titanium,David Guetta & Sia,2011
941 ,Try,P!nk,2012
942 ,Heading Up High,Armin van Buuren ft. Kensington,2015
943 ,Breakfast In America,Supertramp,1979
944 ,You Want It Darker,Leonard Cohen,2016
945 ,Every Little Thing She Does Is Magic,The Police,1981
946 ,Bigmouth Strikes Again,The Smiths,1986
947 ,All I Want Is You (Albumversie),U2,1988
948 ,Lady Writer,Dire Straits,1979
949 ,She Flies On Strange Wings,Golden Earring,1971
950 ,"Anyplace, Anywhere, Anytime",Nena & Kim Wilde,2003
951 ,Real Men,Joe Jackson,1982
952 ,Ik Leef Mijn Eigen Leven,André Hazes,1994
953 ,Dark Necessities,Red Hot Chili Peppers,2016
954 ,Be My Number Two,Joe Jackson,1984
955 ,Land Of Confusion,Genesis,1986
956 ,Clint Eastwood,Gorillaz,2001
957 ,Een Teken,Froukje,2021
958 ,Unintended,Muse,2009
959 ,Praying For Time,George Michael,1990
960 ,Disarm,Smashing Pumpkins,1993
961 ,Alles Is Liefde,BLOF,2007
962 ,Hou Vol Hou Vast,BLOF,2011
963 ,Karma,Taylor Swift,2023
964 ,Zitti E Buoni,Måneskin,2021
965 ,Birds,Anouk,2013
966 ,Bloemkôle,Oôs Joôs,2015
967 ,All I Ask,Adele,2015
968 ,Times Are Changing,DI-RECT,2009
969 ,Texas Sun,Khruangbin & Leon Bridges,2019
970 ,Fake Plastic Trees,Radiohead,1995
971 ,Plush,Stone Temple Pilots,1993
972 ,Eye Of The Tiger,Survivor,1982
973 ,Human,The Killers,2008
974 ,Chandelier,Sia,2013
975 ,Ruby Tuesday,The Rolling Stones,1967
976 ,The A Team,Ed Sheeran,2011
977 ,Listen To The Music,Doobie Brothers,1972
978 ,It's My Life,Talk Talk,1984
979 ,Let Me Entertain You,Robbie Williams,1998
980 ,Christmas Lights,Coldplay,2010
981 ,When The Sun Goes Down,Arctic Monkeys,2006
982 ,El Condor Pasa (If I Could),Simon en Garfunkel,1970
983 ,Stressed Out,Twenty One Pilots,2016
984 ,Smooth Operator (Albumversie),Sade,1984
985 ,Raspberry Beret,Prince & The Revolution,1985
986 ,Dancing In The Street,David Bowie & Mick Jagger,1985
987 ,Words,Bee Gees,1968
988 ,Behind Blue Eyes,Limp Bizkit,2004
989 ,Rood,Marco Borsato,2006
990 ,Musica E (Albumversie),Eros Ramazzotti,1989
991 ,Orinoco Flow (Sail Away),Enya,1988
992 ,Crime Of The Century,Supertramp,1974
993 ,Smack My Bitch Up,The Prodigy,1997
994 ,Stiekem Gedanst,Toontje Lager,1983
995 ,Halo,Beyoncé,2009
996 ,Tiny Dancer,Elton John,1971
997 ,Dat Ik Je Mis,Maaike Ouboter,2013
998 ,Take The Long Way Home,Supertramp,1979
999 ,Mijn Houten Hart,De Poema's,1999
1000 ,Daar Gaat Ze,Clouseau,1990
1001 ,You Took The Words Right Out Of My Mouth,Meat Loaf,1979
1002 ,Luv U More,DJ Paul Elstak,1995
1003 ,Tainted Love,Soft Cell,1981
1004 ,Heaven,Niall Horan,2023
1005 ,Here I Go Again,Whitesnake,1987
1006 ,To Love Somebody,Bee Gees,1967
1007 ,Vampire,Olivia Rodrigo,2023
1008 ,Les Lacs Du Connemara,Michel Sardou,1982
1009 ,Weak,Skunk Anansie,1995
1010 ,Ashes To Ashes,David Bowie,1980
1011 ,All I Need,Air,1998
1012 ,De Zon Op,Diggy Dex,2018
1013 ,Hymn For The Weekend,Coldplay,2015
1014 ,Pain And Misery (Albumversie),The Teskey Brothers,2019
1015 ,Suzie Q (Part 1),Creedence Clearwater Revival,1968
1016 ,When The Party's Over,Billie Eilish,2018
1017 ,Barracuda,Heart,1977
1018 ,"Comptine D'un Autre Ete, L'Apres Midi (Amelie)",Yann Tiersen,2001
1019 ,1979,Smashing Pumpkins,1996
1020 ,Jigsaw Falling Into Place,Radiohead,2007
1021 ,Absolute Beginners,David Bowie,1986
1022 ,L'amour Toujours,Gigi D'agostino,2001
1023 ,Vlinder,Rowwen Hèze,2003
1024 ,Find The River,R.E.M.,1992
1025 ,Just Can't Get Enough (Live),Depeche Mode,1985
1026 ,Through The Echoes,Paolo Nutini,2022
1027 ,Cowboy Like Me,Taylor Swift,2020
1028 ,Hard Sun,Eddie Vedder,2007
1029 ,Woman In Love,Barbra Streisand,1980
1030 ,Bloedend Hart,De Dijk,1982
1031 ,Marian,The Cats,1969
1032 ,Love The Way You Lie,Eminem & Rihanna,2010
1033 ,Perhaps Love,John Denver & Placido Domingo,1981
1034 ,Niets Tussen,Froukje,2021
1035 ,Good Old-Fashioned Lover Boy,Queen,1976
1036 ,Changes,David Bowie,1971
1037 ,Jesus He Knows Me,Genesis,1992
1038 ,(You Make Me Feel Like A) Natural Woman,Aretha Franklin,1967
1039 ,Magic,Coldplay,2014
1040 ,Dance Me To The End Of Love,Leonard Cohen,1984
1041 ,I Alone,Live,1995
1042 ,"Ain't Got No, I Got Life (Original)",Nina Simone,1968
1043 ,Go Like Elijah,Chi Coltrane,1973
1044 ,Close To Me,The Cure,1985
1045 ,Iederene Hef Een Reden,Bökkers,2016
1046 ,Harvest Moon,Neil Young,1991
1047 ,Wannabe,Spice Girls,1996
1048 ,I Want You,Elvis Costello,1986
1049 ,Follow The Sun,Xavier Rudd,2015
1050 ,I Want It That Way,Backstreet Boys,1999
1051 ,Before You Go,Lewis Capaldi,2019
1052 ,Liverpool Rain,Racoon,2012
1053 ,Chump Change,Quincy Jones,1973
1054 ,Don't Speak,No Doubt,1996
1055 ,Droomland,André Hazes & Paul de Leeuw,1993
1056 ,War,Kensington,2014
1057 ,Watermelon Sugar,Harry Styles,2020
1058 ,Miss You,The Rolling Stones,1978
1059 ,Killer/Papa Was A Rollin' Stone,George Michael,1993
1060 ,Kiwi,Harry Styles,2017
1061 ,Baby Can I Hold You,Tracy Chapman,1988
1062 ,Jailhouse Rock,Elvis Presley,1957
1063 ,Afraid Of The Dark,Chef'Special,2021
1064 ,Easy Lover,Phil Collins & Philip Bailey,1985
1065 ,Down Down,Status Quo,1975
1066 ,I'll Take Care Of You (Albumversie),Beth Hart & Joe Bonamassa,2011
1067 ,Radio,Rammstein,2019
1068 ,Slapeloze Nachten,The Opposites,2013
1069 ,Sharp Dressed Man,ZZ Top,1985
1070 ,Children,Robert Miles,1996
1071 ,OMG It's Happening,DI-RECT,2023
1072 ,The Unforgiven III,Metallica,2008
1073 ,Kristallnaach,BAP,1983
1074 ,Go With The Flow,Queens Of The Stone Age,2003
1075 ,Whatever It Takes,Imagine Dragons,2017
1076 ,Now And Then,The Beatles,2023
1077 ,Hunger Strike,Temple Of The Dog,1991
1078 ,'n Beetje Verliefd,André Hazes,1981
1079 ,Pamela (Albumversie),Toto,1988
1080 ,You Are So Beautiful,Joe Cocker,1974
1081 ,Lonely Boy,The Black Keys,2011
1082 ,Hallelujah,Lisa Lois,2009
1083 ,Hedonism (Just Because You Feel Good),Skunk Anansie,1997
1084 ,Never Gonna Give You Up,Rick Astley,1987
1085 ,Live Forever,Oasis,1994
1086 ,Kingston Town,UB40,1990
1087 ,9 Crimes,Damien Rice,2006
1088 ,Better Man,Pearl Jam,1994
1089 ,Like A Rolling Stone,Bob Dylan,1965
1090 ,I Started A Joke,Bee Gees,1969
1091 ,Sailing,Rod Stewart,1975
1092 ,So Long Marianne,Leonard Cohen,1968
1093 ,Everybody's Changing,Keane,2004
1094 ,Bedshaped,Keane,2004
1095 ,Sailing To Philadelphia (Albumversie),Mark Knopfler & James Taylor,2000
1096 ,MacArthur Park,Donna Summer,1978
1097 ,Heaven Must Be Missing An Angel,Tavares,1976
1098 ,Red Right Hand,Nick Cave & The Bad Seeds,1994
1099 ,Fly Me To The Moon,Frank Sinatra,1964
1100 ,Venus,Shocking Blue,1969
1101 ,You Need To Calm Down,Taylor Swift,2019
1102 ,Black Betty (Albumversie),Ram Jam,1978
1103 ,Wild Is The Wind,David Bowie,1976
1104 ,In A Gadda Da Vida (Albumversie),Iron Butterfly,1970
1105 ,Drivers License,Olivia Rodrigo,2021
1106 ,Blowin' In The Wind,Bob Dylan,1963
1107 ,One Way Or Another (Teenage Kicks),One Direction,2013
1108 ,Waiting On A Sunny Day,Bruce Springsteen,2003
1109 ,Mooie Dag,BLOF,2002
1110 ,Homecoming,Kanye West & Chris Martin,2009
1111 ,Hard To Say Goodbye,Rondé,2021
1112 ,Ode To My Family,The Cranberries,1994
1113 ,Waiting On A Friend,The Rolling Stones,1981
1114 ,Il Volo,Zucchero,1996
1115 ,You've Got A Friend,Carole King,1971
1116 ,Spread Your Wings,Queen,1978
1117 ,Mushanga,Toto,1988
1118 ,Sugardaddy,Roxy Dekker,2024
1119 ,Bad Romance,Lady Gaga,2009
1120 ,Love Hurts,Nazareth,1976
1121 ,No Mercy,Racoon,2011
1122 ,You Say,Lauren Daigle,2019
1123 ,Teach Your Children,"Crosby, Stills, Nash & Young",1970
1124 ,People Are Strange,The Doors,1967
1125 ,So Lonely,The Police,1979
1126 ,Speed Of Sound,Coldplay,2005
1127 ,It's A Long Way There (Albumversie),Little River Band,1975
1128 ,Band On The Run,Wings,1974
1129 ,Blaosmuziek,Gé Reinders,1999
1130 ,True Colors,Cyndi Lauper,1986
1131 ,I Wish It Would Rain Down,Phil Collins,1990
1132 ,The Lady In Red,Chris de Burgh,1986
1133 ,Bird Of Paradise,Snowy White,1984
1134 ,Run To You,Bryan Adams,1984
1135 ,I Heard It Through The Grapevine,Creedence Clearwater Revival,1973
1136 ,Carry On Wayward Son (Albumversie),Kansas,1976
1137 ,Crazy On You,Heart,1976
1138 ,Munich,Editors,2005
1139 ,Shape Of You,Ed Sheeran,2017
1140 ,Proud Mary,Creedence Clearwater Revival,1969
1141 ,Little Wing,Jimi Hendrix,1967
1142 ,Homeward Bound,Simon en Garfunkel,1966
1143 ,In The Blood,John Mayer,2017
1144 ,Scarlet Ribbons,The Cats,1969
1145 ,One More Time,Daft Punk,2000
1146 ,You Know I'm No Good,Amy Winehouse,2007
1147 ,You Do Something To Me,Paul Weller,1995
1148 ,If You Tolerate This Your Children Will Be Next,Manic Street Preachers,1998
1149 ,Way Down We Go,Kaleo,2016
1150 ,One Of These Days,Pink Floyd,1971
1151 ,Hee Joh Jip,Racoon,2021
1152 ,Why Does My Heart Feel So Bad,Moby,1999
1153 ,At Last,Etta James,1960
1154 ,Yesterday When I Was Young,Charles Aznavour,1970
1155 ,Dreams,The Cranberries,1993
1156 ,Avalon,Roxy Music,1982
1157 ,Uninvited,Alanis Morissette,1999
1158 ,Big In Japan,Alphaville,1984
1159 ,Gimme All Your Lovin' (Albumversie),ZZ Top,1984
1160 ,Black Magic Woman,Santana,1970
1161 ,This World Is Our Home,Douwe Bob,2023
1162 ,Save Your Tears,The Weeknd,2020
1163 ,Lust For Life,Iggy Pop,1977
1164 ,Nergens Goed Voor,De Dijk,1989
1165 ,The Spirit Of Radio (Albumversie),Rush,1980
1166 ,Message To My Girl,Split Enz,1984
1167 ,You're The Voice,John Farnham,1987
1168 ,Welcome To The DCC,Nothing But Thieves,2023
1169 ,Wake Me Up Before You Go-Go,Wham!,1984
1170 ,Nights On Broadway,Bee Gees,1975
1171 ,Fool To Cry,The Rolling Stones,1976
1172 ,Going To A Town,Rufus Wainwright,2007
1173 ,Candle In The Wind 1997,Elton John,1997
1174 ,The Saints Are Coming,U2 & Green Day,2006
1175 ,King Kunta,Kendrick Lamar,2015
1176 ,"You're The First, The Last, My Everything",Barry White,1974
1177 ,Born This Way,Lady Gaga,2011
1178 ,In My Life,The Beatles,1965
1179 ,I Want It All,Queen,1989
1180 ,Dani California,Red Hot Chili Peppers,2006
1181 ,How Soon Is Now?,The Smiths,1984
1182 ,Question,The Moody Blues,1970
1183 ,50 Ways To Leave Your Lover,Paul Simon,1976
1184 ,Beds Are Burning,Midnight Oil,1988
1185 ,Sky And Sand,Paul Kalkbrenner,2008
1186 ,Mr. Bojangles,Robbie Williams,2001
1187 ,I Still Cry,Ilse DeLange,2000
1188 ,Pa,Doe Maar,1983
1189 ,We All Stand Together,Paul McCartney & Frog Chorus,1985
1190 ,Stuck In A Moment You Can't Get Out Of,U2,2000
1191 ,Send Me An Angel,Scorpions,1991
1192 ,Our House,Madness,1982
1193 ,Storm And Thunder,Earth & Fire,1971
1194 ,Vas-y (Ga Maar),Suzan en Freek & Claude,2023
1195 ,Geen Kind Meer,Karin Bloemen,1996
1196 ,Amerika,Rammstein,2004
1197 ,In A Lifetime,Clannad & Bono,1986
1198 ,Can't Hold Us,Macklemore & Ryan Lewis ft. Ray Dalton,2012
1199 ,Girl,Anouk,2004
1200 ,Stand By Me,Ben E. King,1987
1201 ,How You Gonna See Me Now,Alice Cooper,1979
1202 ,De Bestemming,Marco Borsato,1998
1203 ,Flink Zijn,Robert Long,1977
1204 ,Walk On The Wild Side,Lou Reed,1973
1205 ,Angel Eyes,ABBA,1979
1206 ,Happy,Pharrell Williams,2013
1207 ,Year Of Summer,Wildstylez ft. Niels Geusebroek,2012
1208 ,Where Is The Love,The Black Eyed Peas,2003
1209 ,Could You Be Loved,Bob Marley & The Wailers,1980
1210 ,Autobahn,Kraftwerk,1975
1211 ,Kiss,Prince & The Revolution,1986
1212 ,I Wanna Dance With Somebody (Who Loves Me),Whitney Houston,1987
1213 ,Everybody Needs Somebody To Love,The Blues Brothers,1989
1214 ,Something Just Like This,The Chainsmokers & Coldplay,2017
1215 ,Lippy Kids,Elbow,2011
1216 ,If You Leave Me Now,Chicago,1976
1217 ,Top Of The World,Carpenters,1973
1218 ,Als Het Golft,De Dijk,2000
1219 ,Pain,The War On Drugs,2017
1220 ,Almost Cut My Hair,"Crosby, Stills, Nash & Young",1970
1221 ,Denis,Blondie,1978
1222 ,Bestel Mar,Rowwen Hèze,1992
1223 ,De Boer Dat Is De Keerl,Normaal,1982
1224 ,Trouble,Coldplay,2000
1225 ,Sing For The Moment,Eminem,2003
1226 ,Fluorescent Adolescent,Arctic Monkeys,2007
1227 ,Bend And Break,Keane,2005
1228 ,Do They Know It's Christmas,Band Aid,1984
1229 ,When I Was Your Man,Bruno Mars,2013
1230 ,Geef Je Hart Niet Zomaar Weg,Racoon,2021
1231 ,Get Lucky,Daft Punk ft. Pharrell Williams,2013
1232 ,Driver's Seat,Sniff 'n The Tears,1980
1233 ,Guilty,Barbra Streisand & Barry Gibb,1980
1234 ,Kan Ik Iets Voor Je Doen?,De Dijk,2011
1235 ,Fat Bottomed Girls (Albumversie),Queen,1978
1236 ,My Silver Lining,First Aid Kit,2014
1237 ,Coney Island,Taylor Swift ft. The National,2020
1238 ,Ik Leef Niet Meer Voor Jou,Marco Borsato,1996
1239 ,Time Is Running Out,Muse,2003
1240 ,You Make Lovin' Fun,Fleetwood Mac,1978
1241 ,(You're) The Devil In Disguise,Elvis Presley,1963
1242 ,Rosie,Claw Boys Claw,1992
1243 ,Knockin' On Heaven's Door,Bob Dylan,1973
1244 ,Bad,Michael Jackson,1987
1245 ,Have A Little Faith In Me,John Hiatt,1989
1246 ,September Morn,Neil Diamond,1979
1247 ,Someone Somewhere In Summertime,Simple Minds,1982
1248 ,Treat People With Kindness,Harry Styles,2021
1249 ,Locked Out Of Heaven,Bruno Mars,2012
1250 ,Voodoo Child (Slight Return),Jimi Hendrix,1968
1251 ,Adventure Of A Lifetime,Coldplay,2015
1252 ,Cose Della Vita,Eros Ramazzotti & Tina Turner,1998
1253 ,Hijo De La Luna,Mecano,1990
1254 ,Wanted (Dead Or Alive) (Albumversie),Bon Jovi,1987
1255 ,Keep On Loving You,REO Speedwagon,1981
1256 ,Why Worry (Albumversie),Dire Straits,1985
1257 ,Night Boat To Cairo,Madness,1980
1258 ,Listen To Your Heart (Albumversie),Roxette,1989
1259 ,The Gambler,Kenny Rogers,1978
1260 ,Blauwe Dag,Suzan en Freek,2019
1261 ,Hoe Het Danst,"Marco Borsato, Armin van Buuren & Davina Michelle",2019
1262 ,Natural,Imagine Dragons,2018
1263 ,My Heart Will Go On,Céline Dion,1998
1264 ,Holiday,Green Day,2005
1265 ,Babooshka,Kate Bush,1980
1266 ,Miracle,Ilse DeLange,2009
1267 ,Two Out Of Three Ain't Bad (Albumversie),Meat Loaf,1977
1268 ,Midnight Train To Georgia,Gladys Knight & The Pips,1973
1269 ,Rooster,Alice In Chains,1992
1270 ,Sandstorm,Darude,2000
1271 ,Ich Bin Wie Du,Marianne Rosenberg,1976
1272 ,Seven Wonders,Fleetwood Mac,1987
1273 ,Road To Nowhere,Talking Heads,1985
1274 ,Pinball Wizard,The Who,1969
1275 ,Cambodia,Kim Wilde,1981
1276 ,Afscheid Nemen Bestaat Niet,Marco Borsato,2003
1277 ,You Have Been Loved,George Michael,1997
1278 ,Nur Geträumt,Nena,1983
1279 ,Hurt,Christina Aguilera,2006
1280 ,Sound And Vision,David Bowie,1977
1281 ,Scenes From An Italian Restaurant,Billy Joel,1977
1282 ,One Word,Anouk,2005
1283 ,Feeling Good,Nina Simone,1965
1284 ,London Calling,The Clash,1979
1285 ,An American Trilogy,Elvis Presley,1972
1286 ,Nickel For Goodbye,Racoon,2023
1287 ,It Must Have Been Love,Roxette,1990
1288 ,Here Without You,3 Doors Down,2004
1289 ,We Didn't Start The Fire,Billy Joel,1989
1290 ,The Wind Cries Mary,Jimi Hendrix,1967
1291 ,Motorcycle Emptiness,Manic Street Preachers,1992
1292 ,Ik Wou Dat Ik Jou Was,Veldhuis & Kemper,2003
1293 ,No Surrender,Bruce Springsteen,1984
1294 ,You Should Be Dancing,Bee Gees,1976
1295 ,21 Guns,Green Day,2009
1296 ,You Oughta Know,Alanis Morissette,1996
1297 ,Adagio For Strings,Tiësto,2006
1298 ,Club Tropicana,Wham!,1983
1299 ,Verdammt Ich Lieb' Dich,Matthias Reim,1990
1300 ,As,George Michael & Mary J. Blige,1999
1301 ,Locomotive Breath,Jethro Tull,1972
1302 ,Calm After The Storm,The Common Linnets,2014
1303 ,Enemy,Imagine Dragons,2021
1304 ,Calypso,John Denver,1975
1305 ,Mr. Jones,Counting Crows,1994
1306 ,All The Small Things,Blink-182,2000
1307 ,Pure Morning,Placebo,1998
1308 ,Automatisch,Flemming,2022
1309 ,How To Save A Life,The Fray,2007
1310 ,Mia,GorkI,1992
1311 ,Het Land Van Maas En Waal,Boudewijn de Groot,1967
1312 ,Somebody Told Me,The Killers,2004
1313 ,Baggy Trousers,Madness,1980
1314 ,Bad Blood (Taylor's Version),Taylor Swift,2023
1315 ,Sweet Disposition,The Temper Trap,2010
1316 ,Love And Hate (Albumversie),Michael Kiwanuka,2016
1317 ,Mirrors,Justin Timberlake,2013
1318 ,Black Velvet (Albumversie),Alannah Myles,1990
1319 ,Don't Leave Me This Way,The Communards & Sarah Jane Morris,1986
1320 ,Michelle,The Beatles,1966
1321 ,Use Somebody,Kings Of Leon,2008
1322 ,Adore You,Harry Styles,2019
1323 ,Are You Gonna Go My Way?,Lenny Kravitz,1993
1324 ,Kids,MGMT,2007
1325 ,Edge Of Seventeen,Stevie Nicks,1982
1326 ,You'll Never Walk Alone,Lee Towers,1976
1327 ,Photograph,Ed Sheeran,2015
1328 ,I Knew You Were Trouble (Taylor’s Version),Taylor Swift,2021
1329 ,Johnny B. Goode,Chuck Berry,1958
1330 ,Hilversum 3,Herman van Veen,1984
1331 ,Voltooid Verleden Tijd,Is Ook Schitterend,1997
1332 ,Une Belle Histoire/Een Mooi Verhaal,Alderliefste & Paul de Leeuw,2006
1333 ,Bicycle Race,Queen,1978
1334 ,De Diepte,S10,2022
1335 ,Mercedes Benz,Janis Joplin,1970
1336 ,Honky Tonk Women,The Rolling Stones,1969
1337 ,Alles Wat Ademt,Rob de Nijs,1985
1338 ,I Follow Rivers,Triggerfinger,2012
1339 ,Aanzoek Zonder Ringen,BLOF,2006
1340 ,The Fool On The Hill,The Beatles,1967
1341 ,Night Fever,Bee Gees,1978
1342 ,Friends Will Be Friends,Queen,1986
1343 ,Nutbush City Limits,Ike & Tina Turner,1974
1344 ,Love Myself,Rondé,2022
1345 ,Vriendschap,Het Goede Doel,1983
1346 ,Espresso,Sabrina Carpenter,2024
1347 ,"Lover, You Should've Come Over",Jeff Buckley,1994
1348 ,Scarborough Fair,Simon en Garfunkel,1966
1349 ,..In Paris,Kanye West & Jay-Z,2011
1350 ,Simple Man,Lynyrd Skynyrd,1973
1351 ,Boogie Wonderland,"Earth, Wind & Fire & The Emotions",1979
1352 ,Everything Now (Albumversie),Arcade Fire,2017
1353 ,Non Non Rien n'a Changé,Les Poppys,1971
1354 ,Home Again,Michael Kiwanuka,2012
1355 ,Walking In Memphis,Marc Cohn,1991
1356 ,Jesus Of Suburbia,Green Day,2004
1357 ,Cold Heart (Pnau Remix),Elton John & Dua Lipa,2021
1358 ,Beautiful People,Melanie,1969
1359 ,De Weg,Guus Meeuwis,2005
1360 ,The Times They Are A-Changin',Bob Dylan,1964
1361 ,Cry Baby,Janis Joplin,1971
1362 ,Uncertain Smile (Albumversie),The The,1984
1363 ,Dans M'n Ogen Dicht,Meau ft. Racoon,2022
1364 ,Farewell To The Fairground,White Lies,2009
1365 ,Tequila Sunrise,Eagles,1973
1366 ,Traffic,Tiësto,2003
1367 ,Life's What You Make It,Talk Talk,1985
1368 ,House For Sale,Lucifer,1975
1369 ,90s Kid,DI-RECT,2022
1370 ,About A Girl (Unplugged),Nirvana,1993
1371 ,Born To Be Wild,Steppenwolf,1968
1372 ,When Love Comes To Town,U2 & BB King,1989
1373 ,Late Night Talking,Harry Styles,2022
1374 ,Is This Love,Bob Marley & The Wailers,1979
1375 ,Daughter,Pearl Jam,1993
1376 ,Dear Mama,2Pac,1998
1377 ,Tumble And Fall,Johan,2001
1378 ,Hold Me,The Teskey Brothers,2019
1379 ,Madness,Muse,2012
1380 ,Nederwiet (Albumversie),Doe Maar,1983
1381 ,Sowing The Seeds Of Love,Tears For Fears,1989
1382 ,We Come 1,Faithless,2001
1383 ,Do I Ever,Kensington,2016
1384 ,Rockin' All Over The World,Status Quo,1977
1385 ,Since I've Been Loving You,Led Zeppelin,1970
1386 ,Dichterbij Dan Ooit,BLOF,2001
1387 ,Supermarket Flowers,Ed Sheeran,2017
1388 ,Breathe (In The Air),Pink Floyd,1973
1389 ,Just Say Yes (Albumversie),Snow Patrol,2009
1390 ,Going Home: Theme Of The Local Hero,Mark Knopfler,1983
1391 ,Best Of You,Foo Fighters,2005
1392 ,Let Love Rule,Lenny Kravitz,1989
1393 ,Don't You Want Me,The Human League,1982
1394 ,Down On The Corner,Creedence Clearwater Revival,1969
1395 ,Oh Well (Albumversie),Fleetwood Mac,1969
1396 ,You Win Again,Bee Gees,1987
1397 ,We Are Never Ever Getting Back Together (Taylor’s Version),Taylor Swift,2021
1398 ,La Solitudine,Laura Pausini,1993
1399 ,The Living Years,Mike & The Mechanics,1989
1400 ,Crazy,Seal,1991
1401 ,In Bloom,Nirvana,1991
1402 ,Save A Prayer,Duran Duran,1982
1403 ,Give It Away,Red Hot Chili Peppers,1992
1404 ,Broken Wings,Mr. Mister,1986
1405 ,Riddles,Kensington,2015
1406 ,Skandal Im Sperrbezirk,Spider Murphy Gang,1982
1407 ,Niet Voor Het Laatst,Rob de Nijs,2017
1408 ,Me Gustas Tu,Manu Chao,2001
1409 ,Long As I Can See The Light,Creedence Clearwater Revival,1970
1410 ,Memory,Barbra Streisand,1982
1411 ,Frozen,Madonna,1998
1412 ,Als Ik Je Weer Zie,"Thomas Acda, Paul de Munnik, Maan & Typhoon",2021
1413 ,7 Years,Lukas Graham,2015
1414 ,Ventura Highway,America,1972
1415 ,Hier Komt De Storm,Frank Boeijen Groep,1988
1416 ,Drive,R.E.M.,1992
1417 ,Hall Of Fame,The Script ft. Will.I.Am,2012
1418 ,'n Vriend,André Hazes,1980
1419 ,The Dolphin's Cry,Live,1999
1420 ,Rebel Rebel,David Bowie,1974
1421 ,Eternal Flame,The Bangles,1989
1422 ,Resistance (Albumversie),Muse,2009
1423 ,What A Fool Believes,Doobie Brothers,1978
1424 ,Something In The Way,Nirvana,1991
1425 ,Circles,Post Malone,2019
1426 ,Gypsy,Fleetwood Mac,1982
1427 ,Take This Waltz,Leonard Cohen,1988
1428 ,De Waarheid,Marco Borsato,1996
1429 ,Roadhouse Blues,The Doors,1970
1430 ,Disco Inferno,The Trammps,1977
1431 ,I Wish,Stevie Wonder,1977
1432 ,Man On The Moon,R.E.M.,1992
1433 ,Undisclosed Desires,Muse,2009
1434 ,Beautiful Things,Benson Boone,2024
1435 ,Good 4 U,Olivia Rodrigo,2021
1436 ,On Top Of The World,Imagine Dragons,2013
1437 ,The Monster,Eminem & Rihanna,2013
1438 ,Cecilia,Simon en Garfunkel,1970
1439 ,Can't Stop The Feeling!,Justin Timberlake,2016
1440 ,Sledgehammer,Peter Gabriel,1986
1441 ,Memories,Earth & Fire,1972
1442 ,Mad World,Michael Andrews ft. Gary Jules,2003
1443 ,Vertigo,U2,2004
1444 ,Learning To Fly,Tom Petty & The Heartbreakers,1991
1445 ,I Have Nothing,Whitney Houston,1993
1446 ,Lovely Day,Bill Withers,1978
1447 ,"Good Luck, Babe!",Chappell Roan,2024
1448 ,Poker Face,Lady Gaga,2009
1449 ,Virtual Insanity,Jamiroquai,1996
1450 ,L.A. Song (Albumversie),Beth Hart,1999
1451 ,Lovesong,The Cure,1989
1452 ,Wat Zou Je Doen?,BLOF,1998
1453 ,Rumour Has It,Adele,2011
1454 ,I'm Not So Tough,Ilse Delange,1998
1455 ,Army Dreamers,Kate Bush,1980
1456 ,Heaven Knows I'm Miserable Now,The Smiths,1984
1457 ,Dodenrit,Drs. P,1974
1458 ,Biko,Peter Gabriel,1980
1459 ,Mull Of Kintyre,Wings,1977
1460 ,Tom Traubert's Blues (Waltzing Mathilda),Tom Waits,1976
1461 ,Your Love,Outfield,1986
1462 ,Bagagedrager,Spinvis,2002
1463 ,Long Train Runnin',Doobie Brothers,1973
1464 ,Take Five,Dave Brubeck Quartet,1962
1465 ,It's A Sin,Pet Shop Boys,1987
1466 ,Nu Wij Niet Meer Praten,Pommelien Thijs & Jaap Reesema,2020
1467 ,Free Fallin' (Live),John Mayer,2008
1468 ,School's Out,Alice Cooper,1972
1469 ,Back Home,Golden Earring,1970
1470 ,Killing Me Softly,Fugees,1996
1471 ,Pressure Makes Diamonds (2020),Danny Vera,2020
1472 ,Lost,Frank Ocean,2012
1473 ,Kalverliefde,Robert Long,1974
1474 ,Streets Of London,Ralph McTell,1972
1475 ,Alie,Normaal,1977
1476 ,Like Toy Soldiers,Eminem,2005
1477 ,Little Green Bag,George Baker Selection,1969
1478 ,If You Could See Me Now,The Script,2013
1479 ,Bones,Imagine Dragons,2022
1480 ,Times Like These,Foo Fighters,2003
1481 ,N'Oubliez Jamais,Joe Cocker,1997
1482 ,Murder On The Dancefloor,Sophie Ellis Bextor,2002
1483 ,Suzanne,Herman van Veen,1969
1484 ,Little Talks,Of Monsters And Men,2012
1485 ,Pride And Joy,Stevie Ray Vaughan,1983
1486 ,Maneater,Daryl Hall & John Oates,1982
1487 ,"He Ain't Heavy, He's My Brother",The Hollies,1969
1488 ,Candy,Iggy Pop & Kate Pierson,1990
1489 ,At Seventeen,Janis Ian,1975
1490 ,Uptown Girl,Billy Joel,1983
1491 ,Stars,Simply Red,1991
1492 ,Live And Let Die,Guns N' Roses,1991
1493 ,Amsterdam,Flemming,2021
1494 ,Wat Wil Je Van Mij,Metejoor & Hannah Mae,2022
1495 ,Up Around The Bend,Creedence Clearwater Revival,1970
1496 ,Dazed And Confused,Led Zeppelin,1969
1497 ,Devil Don't Care,DI-RECT,2019
1498 ,My Sweet Lord,George Harrison,1970
1499 ,The Promise You Made,Cock Robin,1986
1500 ,Lessons In Love,Level 42,1986
1501 ,West End Girls,Pet Shop Boys,1986
1502 ,Keep Your Head Up,Ben Howard,2011
1503 ,I Don't Live Here Anymore,The War On Drugs,2021
1504 ,Radio,Lana Del Rey,2011
1505 ,Magnificent (She Says),Elbow,2016
1506 ,City Of Blinding Lights,U2,2005
1507 ,This Charming Man,The Smiths,1983
1508 ,Epic,Faith No More,1990
1509 ,Turning Tables,Adele,2011
1510 ,Candy,Paolo Nutini,2009
1511 ,Don't Bring Me Down,Electric Light Orchestra,1979
1512 ,A Change Is Gonna Come,Sam Cooke,1964
1513 ,More Than Words,Extreme,1991
1514 ,Love Is A Battlefield,Pat Benatar,1984
1515 ,Euphoria,Loreen,2012
1516 ,Pretty Fly (For A White Guy),The Offspring,1999
1517 ,Forever Autumn,Jeff Wayne & Justin Hayward,1978
1518 ,Every Teardrop Is A Waterfall,Coldplay,2011
1519 ,Mooi Liedje,Acda en De Munnik,1997
1520 ,Stranger In Moscow,Michael Jackson,1996
1521 ,Too Much Love Will Kill You,Brian May,1992
1522 ,Somebody Will Know Someday,Cuby & the Blizzards,1967
1523 ,Lazarus,David Bowie,2016
1524 ,Hold Me Now,Golden Earring,1994
1525 ,Shut Up And Dance,Walk The Moon,2014
1526 ,Music For A Sushi Restaurant,Harry Styles,2022
1527 ,Zaterdag,BLOF,1999
1528 ,Why'd You Only Call Me When You're High?,Arctic Monkeys,2013
1529 ,Ik Bun Moar Een Eenvoudige Boerenlul,Normaal,1978
1530 ,Pak Maar Mijn Hand,Nick en Simon,2007
1531 ,Het Laatste Rondje,André Hazes,1984
1532 ,High And Dry,Radiohead,1995
1533 ,Tell Him,Céline Dion & Barbra Streisand,1997
1534 ,Free Fallin',Tom Petty,1989
1535 ,The Way It Is,Bruce Hornsby & The Range,1986
1536 ,Houdini,Dua Lipa,2023
1537 ,Common People (Albumversie),Pulp,1995
1538 ,Songbird,Eva Cassidy,1997
1539 ,Fireflies,Owl City,2009
1540 ,Shiny Happy People,R.E.M.,1991
1541 ,Roundabout (Albumversie),Yes,1972
1542 ,Cover Me In Sunshine,P!nk ft. Willow Sage Heart,2021
1543 ,Rock With You,Michael Jackson,1979
1544 ,Help!,The Beatles,1965
1545 ,Wonderful Life,Black,1987
1546 ,Silence (Tiësto Mix),Delerium ft. Sarah McLachlan,1997
1547 ,Nine Million Bicycles,Katie Melua,2005
1548 ,Jump Around,House Of Pain,1992
1549 ,Don't Go Breaking My Heart,Elton John & Kiki Dee,1976
1550 ,Ik Meen 't,André Hazes,1985
1551 ,Cleanin' Out My Closet,Eminem,2002
1552 ,Live To Tell,Madonna,1986
1553 ,All I Want,Kodaline,2012
1554 ,Save Me,Queen,1980
1555 ,Heart Of Glass,Blondie,1979
1556 ,Greatest Love Of All,Whitney Houston,1986
1557 ,She's The One,Robbie Williams,1999
1558 ,Anne,Herman van Veen,1986
1559 ,Hello,Lionel Richie,1984
1560 ,This Is Not America,David Bowie & Pat Metheny Group,1985
1561 ,So Far Away (Albumversie),Dire Straits,1985
1562 ,Max,Paolo Conte,1988
1563 ,Enola Gay,Orchestral Manoeuvres In The Dark,1980
1564 ,Make It Wit Chu,Queens Of The Stone Age,2008
1565 ,Big Log,Robert Plant,1983
1566 ,Zij,Marco Borsato,2002
1567 ,Appleknockers Flophouse,Cuby & the Blizzards,1969
1568 ,Glycerine,Bush,1994
1569 ,For Crying Out Loud (Albumversie),Meat Loaf,1978
1570 ,Mary Jane's Last Dance,Tom Petty & The Heartbreakers,1993
1571 ,The Boys Are Back In Town,Thin Lizzy,1976
1572 ,No Good (Start The Dance),The Prodigy,1994
1573 ,You've Got The Love,Florence + The Machine,2009
1574 ,Love Me Tender,Elvis Presley,1956
1575 ,Tous Les Mêmes,Stromae,2013
1576 ,Hemel Valt,Typhoon,2015
1577 ,You Don't Fool Me,Queen,1996
1578 ,Where The Heart Is,Haevn,2016
1579 ,So Incredible,Ilse DeLange,2008
1580 ,Stir It Up (Live),Bob Marley & The Wailers,1979
1581 ,Counting Stars,OneRepublic,2013
1582 ,Make Me Smile (Come Up And See Me),Steve Harley & Cockney Rebel,1975
1583 ,Human Nature,Michael Jackson,1983
1584 ,The Wild Rover (Live),The Dubliners,1964
1585 ,All You Need Is Love,The Beatles,1967
1586 ,On Melancholy Hill,Gorillaz,2010
1587 ,Grow Old With Me,Tom Odell,2013
1588 ,Because The Night,Patti Smith Group,1978
1589 ,Human Touch,Bruce Springsteen,1992
1590 ,Just Like Heaven,The Cure,1987
1591 ,Raise Your Glass,P!nk,2010
1592 ,Bloodbuzz Ohio,The National,2010
1593 ,Summer Night City,ABBA,1978
1594 ,Run To The Water,Live,2000
1595 ,Guitar Man,Elvis Presley,1968
1596 ,Talkin' Bout A Revolution,Tracy Chapman,1988
1597 ,If You Don't Know Me By Now,Simply Red,1989
1598 ,Cold,Chris Stapleton,2020
1599 ,Hold On To Let Go,Danny Vera,2020
1600 ,Dirty Old Town,The Pogues,1985
1601 ,Secret Garden,Bruce Springsteen,1995
1602 ,Doin' Time,Lana Del Rey,2019
1603 ,Stuck In The Middle With You,Stealers Wheel,1973
1604 ,Weather With You,Crowded House,1991
1605 ,Winter In Hamburg,Frank Boeijen Groep,1987
1606 ,Bad Liar,Imagine Dragons,2018
1607 ,Links Rechts,Snollebollekes,2015
1608 ,Tuesday Afternoon,The Moody Blues,1968
1609 ,Always On My Mind,Willie Nelson,1984
1610 ,Head Over Heels,Tears For Fears,1985
1611 ,Angry,The Rolling Stones,2023
1612 ,Born To Be Alive,Patrick Hernandez,1979
1613 ,Don't Answer Me,The Alan Parsons Project,1984
1614 ,Hide In Your Shell,Supertramp,1974
1615 ,Quiero,Julio Iglesias,1976
1616 ,Als De Zon Schijnt,André van Duin,1983
1617 ,Domino,Clouseau,1990
1618 ,Nightporter,Japan,1980
1619 ,Maggie May,Rod Stewart,1971
1620 ,The Reflex,Duran Duran,1984
1621 ,White Horse,Chris Stapleton,2023
1622 ,Charlie Brown,Coldplay,2011
1623 ,Adem Je In,S10,2021
1624 ,Home Of The Brave,Toto,1988
1625 ,Blijven Slapen,Snelle & Maan,2021
1626 ,La Isla Bonita,Madonna,1987
1627 ,White Flag,Dido,2003
1628 ,Vluchten Kan Niet Meer,Jenny Arean & Frans Halsema,1977
1629 ,Sorry Seems To Be The Hardest Word,Elton John,1976
1630 ,Eyes Without A Face,Billy Idol,1984
1631 ,Water Under The Bridge,Adele,2016
1632 ,Can You Feel The Love Tonight,Elton John,1994
1633 ,Damn Those Eyes,Kane,1999
1634 ,Casser La Voix (Live),Patrick Bruel,1992
1635 ,How Can We Hang On To A Dream,Tim Hardin,1967
1636 ,Sammy,Ramses Shaffy,1966
1637 ,Theme From 'Harry's Game',Clannad,1983
1638 ,We Don't Need Another Hero,Tina Turner,1985
1639 ,I Do,Douwe Bob & Jacqueline Govaert,2018
1640 ,Racing In The Street,Bruce Springsteen,1975
1641 ,Shut Your Eyes,Snow Patrol,2007
1642 ,Sir Duke,Stevie Wonder,1977
1643 ,Won't Get Fooled Again (Albumversie),The Who,1971
1644 ,Memories,Within Temptation,2004
1645 ,Grenade,Bruno Mars,2010
1646 ,Under My Thumb,The Rolling Stones,1966
1647 ,I'd Rather Go Blind,Etta James,1967
1648 ,I Knew You Were Waiting (For Me),George Michael & Aretha Franklin,1987
1649 ,Water Of Love,Dire Straits,1978
1650 ,Oxygene IV,Jean Michel Jarre,1977
1651 ,Whisky In The Jar (Albumversie),Thin Lizzy,1973
1652 ,Cocaine,Eric Clapton,1978
1653 ,You Could Be Mine,Guns N' Roses,1991
1654 ,Summertime,Brainbox,1969
1655 ,Dakota,Stereophonics,2005
1656 ,Home By The Sea,Genesis,1983
1657 ,The First Time Ever I Saw Your Face,Roberta Flack,1972
1658 ,Will You Be There,Michael Jackson,1993
1659 ,Love Is A Losing Game,Amy Winehouse,2007
1660 ,San Quentin (Live),Johnny Cash,1969
1661 ,Unchain My Heart,Joe Cocker,1987
1662 ,Money Money Money,ABBA,1976
1663 ,Slow Hands,Niall Horan,2017
1664 ,Laat Het Vanavond Gebeuren,De Dijk,1997
1665 ,Nescio,Nits,1983
1666 ,Lost Without You,Krezip,2019
1667 ,Little Red Rooster,The Rolling Stones,1965
1668 ,Vlieg Met Me Mee (Live),Paul de Leeuw,1992
1669 ,Beautiful Goodbye,Amanda Marshall,1996
1670 ,The Air That I Breathe,The Hollies,1974
1671 ,I Can't Sleep Without You (Naked),Golden Earring,1992
1672 ,Luka,Suzanne Vega,1987
1673 ,Bad Habits,Ed Sheeran,2021
1674 ,Walking On The Moon,The Police,1979
1675 ,Maybe Tomorrow,Stereophonics,2003
1676 ,Wer Bisto,Twarres,2000
1677 ,In Dreams,Roy Orbison,1963
1678 ,Time After Time,Cyndi Lauper,1984
1679 ,Eloise,Barry Ryan,1968
1680 ,We Are The World,U.S.A. For Africa,1985
1681 ,Diane,Therapy?,1995
1682 ,Big Love,Fleetwood Mac,1987
1683 ,Unstoppable,Sia,2016
1684 ,24K Magic,Bruno Mars,2016
1685 ,Food For Thought,UB40,1983
1686 ,Moth To A Flame,Swedish House Mafia ft. The Weeknd,2021
1687 ,Return To Sender,Elvis Presley,1962
1688 ,Don't Stop 'Til You Get Enough (Albumversie),Michael Jackson,1979
1689 ,Het Is Koud Zonder Jou,André Hazes,1980
1690 ,Annabel,Hans de Booij,1983
1691 ,Golden Years,David Bowie,1976
1692 ,Starboy,The Weeknd ft. Daft Punk,2016
1693 ,New York Minute,Don Henley,1989
1694 ,Heaven Can Wait,Meat Loaf,1979
1695 ,La Vie Est Belle,Diggy Dex & Vali,2018
1696 ,In Your Eyes (Albumversie),Peter Gabriel,1986
1697 ,She's Leaving Home,The Beatles,1967
1698 ,Everytime I Think Of You,The Babys,1979
1699 ,Green Eyes,Coldplay,2002
1700 ,Flappie,Youp van 't Hek,1981
1701 ,Everybody (Backstreet's Back),Backstreet Boys,1997
1702 ,Memory Remains,Metallica,1997
1703 ,The Drugs Don't Work,The Verve,1997
1704 ,Overture (Tommy),The Who,1969
1705 ,Lonesome Rider,Volbeat ft. Sarah Blackwood,2013
1706 ,Sure Know Something,KISS,1979
1707 ,Bullet With Butterfly Wings,Smashing Pumpkins,1995
1708 ,Goodbye My Lover,James Blunt,2005
1709 ,Open Your Eyes,Guano Apes,1997
1710 ,Sunrise,Norah Jones,2004
1711 ,Isn't She Lovely,Stevie Wonder,1976
1712 ,Last Train Home,John Mayer,2021
1713 ,I Would Die 4 U,Prince & The Revolution,1984
1714 ,Living In Another World,Talk Talk,1986
1715 ,Rapper's Delight,Sugarhill Gang,1979
1716 ,Animals,Martin Garrix,2013
1717 ,By The Way,Red Hot Chili Peppers,2002
1718 ,Speed Of Light,Chef'Special,2023
1719 ,Remedy,The Black Crowes,1992
1720 ,Faded,Alan Walker,2016
1721 ,Relax,Frankie Goes To Hollywood,1984
1722 ,Shivers,Ed Sheeran,2021
1723 ,For Bitter Or Worse,Anouk,2009
1724 ,It's Raining Men,Weather Girls,1983
1725 ,With Arms Wide Open,Creed,2000
1726 ,Als Je Wint,Herman Brood & Henny Vrienten,1984
1727 ,Pyro,Kings Of Leon,2010
1728 ,Josephine,Chris Rea,1985
1729 ,Laat Me Los,S10 & BLOF,2022
1730 ,Times Were When,The Cats,1968
1731 ,The Devil's Son,Danny Vera,2013
1732 ,Walking On A Dream,Empire Of The Sun,2008
1733 ,Green Green Grass Of Home,Tom Jones,1966
1734 ,Weekend,Earth & Fire,1979
1735 ,Close To The Edge (Albumversie),Yes,1972
1736 ,Breathe,The Prodigy,1996
1737 ,Midnight Rambler,The Rolling Stones,1969
1738 ,I Need My Girl,The National,2013
1739 ,25 Or 6 To 4,Chicago,1970
1740 ,Riptide,Vance Joy,2014
1741 ,Mijn Vlakke Land,Jacques Brel,1965
1742 ,7 Seconds,Youssou N'Dour & Neneh Cherry,1994
1743 ,Addicted To You,Avicii,2014
1744 ,Spicks And Specks,Bee Gees,1967
1745 ,Long Cool Woman (In A Black Dress),The Hollies,1971
1746 ,Sharks,Imagine Dragons,2022
1747 ,All My Life,Foo Fighters,2002
1748 ,Twist In My Sobriety,Tanita Tikaram,1988
1749 ,Move On Up,Curtis Mayfield,1970
1750 ,Gold On The Ceiling,The Black Keys,2011
1751 ,An End Has A Start,Editors,2007
1752 ,Hier,BLOF,2000
1753 ,Give Up Your Guns,The Buoys,1972
1754 ,'t Dondert En 't Bliksemt,Guus Meeuwis,1998
1755 ,I Heard It Through The Grapevine,Marvin Gaye,1969
1756 ,Love Is All,Roger Glover & Guests,1975
1757 ,Talk,Coldplay,2005
1758 ,Sexual Healing,Marvin Gaye,1982
1759 ,Fire,Floor Jansen,2022
1760 ,Blah Blah Blah,Armin van Buuren,2018
1761 ,The Name Of The Game (Albumversie),ABBA,1977
1762 ,Black Dog,Led Zeppelin,1971
1763 ,Night Changes,One Direction,2014
1764 ,The One I Love,R.E.M.,1987
1765 ,Too Sweet,Hozier,2024
1766 ,Teenage Dirtbag,Wheatus,2001
1767 ,Love On The Rocks,Neil Diamond,1980
1768 ,Purple Haze,Jimi Hendrix,1967
1769 ,Feeling Good,Michael Bublé,2005
1770 ,My Name Is,Eminem,1999
1771 ,A Little Less Conversation,Elvis Presley vs. Junkie XL,2002
1772 ,Angel Of Harlem,U2,1988
1773 ,Mmm Mmm Mmm Mmm,Crash Test Dummies,1993
1774 ,Girls Just Want To Have Fun,Cyndi Lauper,1984
1775 ,Jumpin' Jack Flash,The Rolling Stones,1968
1776 ,Breakeven,The Script,2009
1777 ,Panama,Van Halen,1984
1778 ,Tie Your Mother Down,Queen,1977
1779 ,Prikkebeen,Boudewijn de Groot,1968
1780 ,Peter Gunn Theme,"Emerson, Lake & Palmer",1980
1781 ,When You Say Nothing At All,Ronan Keating,1999
1782 ,I Just Died In Your Arms Tonight,Cutting Crew,1986
1783 ,The Way You Make Me Feel (Albumversie),Michael Jackson,1987
1784 ,Wish You The Best,Lewis Capaldi,2023
1785 ,Grace Kelly,Mika,2007
1786 ,Stay,Rihanna ft. Mikky Ekko,2013
1787 ,Bright Eyes,Rondé,2022
1788 ,Hey Ya!,Outkast,2004
1789 ,Father & Friend,Alain Clark,2008
1790 ,New York State Of Mind,Billy Joel,1976
1791 ,Shoes Of Lightning,Racoon,2013
1792 ,Mensch,Herbert Grönemeyer,2003
1793 ,'T Roeie Klied,Rowwen Hèze,1995
1794 ,Wij Zullen Doorgaan,Ramses Shaffy,1975
1795 ,Thank U,Alanis Morissette,1998
1796 ,Born On The Bayou,Creedence Clearwater Revival,1972
1797 ,The Cross,Prince,1987
1798 ,Desert Rose,Sting & Cheb Mami,2000
1799 ,Ain't No Mountain High Enough,Marvin Gaye & Tammi Terrell,1967
1800 ,Fast Car,Luke Combs,2023
1801 ,Still Believe,Herman Brood & His Wild Romance,1978
1802 ,Love Really Hurts Without You,Billy Ocean,1976
1803 ,Into The Mystic,Van Morrison,1970
1804 ,Hunting High And Low,A-ha,1986
1805 ,Late In The Evening,Paul Simon,1980
1806 ,Chemical,Post Malone,2023
1807 ,Dancing With Tears In My Eyes,Ultravox,1984
1808 ,Red Mij Niet,Maarten van Roozendaal,2001
1809 ,Off The Wall,Michael Jackson,1979
1810 ,Just The Two Of Us (Albumversie),"Bill Withers & Grover Washington, Jr.",1981
1811 ,The Man Who Sold The World,David Bowie,1970
1812 ,The Racing Rats,Editors,2008
1813 ,Ben Ik Te Min,Armand,1967
1814 ,Up Where We Belong,Joe Cocker & Jennifer Warnes,1982
1815 ,Are You Lonesome Tonight?,Elvis Presley,1961
1816 ,Believe,Cher,1998
1817 ,Never Gonna Not Dance Again,P!nk,2022
1818 ,Fight For Your Right (To Party),Beastie Boys,1986
1819 ,Voor Ik Vergeet,Spinvis,2002
1820 ,Honesty,Billy Joel,1978
1821 ,I Am The Walrus,The Beatles,1967
1822 ,Fire And Rain,James Taylor,1970
1823 ,Ordinary Love,U2,2013
1824 ,Moondance,Van Morrison,1970
1825 ,Blackstar,David Bowie,2015
1826 ,Hypnotize,Notorious B.I.G.,1997
1827 ,Dear Mr. President,P!nk,2006
1828 ,Lost On You,LP,2016
1829 ,Reünie,Snelle,2019
1830 ,Let's Go Crazy,Prince,1984
1831 ,Black Night,Deep Purple,1970
1832 ,Galway Girl,Ed Sheeran,2017
1833 ,Proosten,Guus Meeuwis,2007
1834 ,Lucy In The Sky With Diamonds,The Beatles,1967
1835 ,Cold As Ice,Foreigner,1977
1836 ,Buffalo Soldier,Bob Marley & The Wailers,1983
1837 ,(I've Had) The Time Of My Life,Bill Medley & Jennifer Warnes,1987
1838 ,You've Got A Friend,James Taylor,1971
1839 ,Ob-La-Di Ob-La-Da,The Beatles,1969
1840 ,Brilliant Disguise,Bruce Springsteen,1987
1841 ,Fox On The Run,Sweet,1975
1842 ,Burning Heart,Vandenberg,1983
1843 ,A Head Full Of Dreams,Coldplay,2016
1844 ,Hart Van Mijn Gevoel,De Kast,1999
1845 ,Als De Rook Om Je Hoofd Is Verdwenen,Boudewijn de Groot,1972
1846 ,Hungry Heart,Bruce Springsteen,1980
1847 ,Two Tribes,Frankie Goes To Hollywood,1984
1848 ,I'll Be Over You,Toto,1986
1849 ,Schijn 'n Lichtje Op Mij,Drukwerk,1982
1850 ,It's A Long Way To The Top (If You Wanna Rock 'N Roll),AC/DC,1976
1851 ,Gute Nacht Freunde,Reinhard Mey,1974
1852 ,Mad World,Tears For Fears,1983
1853 ,Livin' Thing,Electric Light Orchestra,1976
1854 ,Blitzkrieg Bop,Ramones,1976
1855 ,Nathalie,Gilbert Bécaud,1964
1856 ,The Way We Were,Barbra Streisand,1973
1857 ,Love Me Just A Little Bit More (Totally Hooked On You),Dolly Dots,1983
1858 ,Out Of Space,The Prodigy,1993
1859 ,As,Stevie Wonder,1976
1860 ,Just The Way You Are,Bruno Mars,2010
1861 ,Come Take My Hand,2 Brothers On The 4th Floor,1995
1862 ,I Can't Make You Love Me,Bonnie Raitt,1991
1863 ,Een Meisje Van 16,Boudewijn de Groot,1965
1864 ,My Baby Just Cares For Me,Nina Simone,1987
1865 ,Hopeless Wanderer,Mumford & Sons,2013
1866 ,Don't You Worry Child,Swedish House Mafia ft. John Martin,2012
1867 ,Homeless,Paul Simon,1986
1868 ,Rivers Of Babylon,Boney M.,1978
1869 ,In My Place,Coldplay,2002
1870 ,Head Held High,Sera,2023
1871 ,Why Can't This Be Love,Van Halen,1987
1872 ,Sgt. Pepper's Lonely Hearts Club Band,The Beatles,1967
1873 ,Rosalyn,Vitesse,1982
1874 ,Kold Bloed,Bökkers,2019
1875 ,One More Try,George Michael,1988
1876 ,Sausolito Summernight,Diesel,1980
1877 ,One Moment In Time,Whitney Houston,1988
1878 ,Right Next Door (Because Of Me),Robert Cray Band,1987
1879 ,Walk This Way (Albumversie),Run DMC ft. Aerosmith,1986
1880 ,A Winter's Tale,Queen,1996
1881 ,Relight My Fire,Dan Hartman,1980
1882 ,Tijd Genoeg,Doe Maar,1982
1883 ,Here There And Everywhere,The Beatles,1966
1884 ,My Universe,Coldplay x BTS,2021
1885 ,Love On Top,Beyoncé,2011
1886 ,San Francisco (Be Sure To Wear Flowers In Your Hair),Scott McKenzie,1967
1887 ,Weekend Love,Golden Earring,1979
1888 ,Love Her Madly,The Doors,1971
1889 ,Zondag,Rob De Nijs,1980
1890 ,Do It Again,Steely Dan,1972
1891 ,Crazy In Love,Beyoncé & Jay-Z,2003
1892 ,Invisible Touch,Genesis,1986
1893 ,Rasputin,Boney M.,1978
1894 ,Into Temptation,Crowded House,1989
1895 ,Waterloo Sunset,The Kinks,1967
1896 ,Blue Hotel,Chris Isaak,1987
1897 ,I've Got Dreams To Remember,Otis Redding,1968
1898 ,I Won't Let You Down,Ph.D.,1981
1899 ,Paracetamollen,Flemming,2022
1900 ,On The Road Again,Willie Nelson,1980
1901 ,No Limit,2 Unlimited,1993
1902 ,Take Me Home,Phil Collins,1985
1903 ,Snap Out Of It,Arctic Monkeys,2013
1904 ,I'm Going Home,Ten Years After,1971
1905 ,IJskoud,Nielson,2018
1906 ,Older,George Michael,1996
1907 ,Europa (Earth's Cry Heaven's Smile),Santana,1976
1908 ,In The Army Now,Status Quo,1986
1909 ,All For Nothing,Kensington,2014
1910 ,No Surrender,Kane,2009
1911 ,Feeling Good,Muse,2001
1912 ,Summertime,Ella Fitzgerald & Louis Armstrong,1958
1913 ,When I Come Around,Green Dblofay,1995
1914 ,Famous Blue Raincoat,Leonard Cohen,1971
1915 ,Never Going Back Again,Fleetwood Mac,1977
1916 ,Nice To Meet Ya,Niall Horan,2019
1917 ,Je Loog Tegen Mij,Drukwerk,1981
1918 ,The Wild Places,Duncan Browne,1979
1919 ,Waiting On The World To Change,John Mayer,2006
1920 ,Promises Of No Man's Land,Blaudzun,2014
1921 ,Calling Elvis (Albumversie),Dire Straits,1991
1922 ,Pumped Up Kicks,Foster The People,2011
1923 ,La Vie En Rose,Grace Jones,1977
1924 ,You Can't Hurry Love,Phil Collins,1982
1925 ,Ik Heb Je Lief,Stef Bos,1992
1926 ,Something Happened On The Way To Heaven,Phil Collins,1990
1927 ,Isn't It Time,The Babys,1977
1928 ,Don't Look Back,Boston,1978
1929 ,Family Portrait,P!nk,2002
1930 ,You Can Leave Your Hat On,Joe Cocker,1986
1931 ,Sloop John B,The Beach Boys,1966
1932 ,You're Beautiful,James Blunt,2005
1933 ,In These Arms (Albumversie),Bon Jovi,1993
1934 ,Blueberry Hill,Fats Domino,1957
1935 ,Liberian Girl,Michael Jackson,1989
1936 ,Per Spoor (Kedeng Kedeng),Guus Meeuwis & Vagant,1996
1937 ,Need You Tonight,INXS,1987
1938 ,Peaceful Easy Feeling,Eagles,1972
1939 ,Heavy Cross,Gossip,2009
1940 ,Somebody To Love,Jefferson Airplane,1967
1941 ,Praise You,Fatboy Slim,1998
1942 ,A Thing Called Love,Johnny Cash,1972
1943 ,Higher Power,Coldplay,2021
1944 ,De Soldaat,Nick en Simon,2006
1945 ,Vogue,Madonna,1990
1946 ,Hold Me,Anouk & Douwe Bob,2014
1947 ,Met Hart en Ziel,Tröckener Kecks,1990
1948 ,Happiness,Jonathan Jeremiah,2011
1949 ,Rearviewmirror,Pearl Jam,1993
1950 ,Catch The Rainbow,Rainbow,1975
1951 ,This Is The Last Time,Keane,2005
1952 ,"Oh, Pretty Woman",Roy Orbison,1964
1953 ,You're Still The One,Shania Twain,1998
1954 ,(Something Inside) So Strong,Labi Siffre,1987
1955 ,Ms. Jackson,OutKast,2001
1956 ,"Tonight, Tonight",Smashing Pumpkins,1995
1957 ,Woman,Wolfmother,2005
1958 ,Don't Shut Me Down,ABBA,2021
1959 ,Touch Me,The Doors,1969
1960 ,As Tears Go By,The Rolling Stones,1966
1961 ,Thank God I'm A Country Boy,John Denver,1975
1962 ,Dromen In Kleur,Suzan en Freek,2021
1963 ,Break On Through (To The Other Side),The Doors,1967
1964 ,(They Long To Be) Close To You,Carpenters,1970
1965 ,Teardrops (Albumversie),Womack en Womack,1988
1966 ,Live And Let Die,Wings,1973
1967 ,Your Love Is King,Sade,1984
1968 ,Handle With Care,Traveling Wilburys,1988
1969 ,All Star,Smash Mouth,1999
1970 ,Lookin' Out My Back Door,Creedence Clearwater Revival,1970
1971 ,More Than This,Roxy Music,1982
1972 ,No Diggity,Blackstreet ft. Dr Dre,1996
1973 ,The Blower's Daughter,Damien Rice,2005
1974 ,Met De Vlam In De Pijp,Henk Wijngaard,1978
1975 ,Royals,Lorde,2013
1976 ,Skinny Love,Birdy,2011
1977 ,Love On The Brain,Rihanna,2016
1978 ,Nachtzuster,Doe Maar,1982
1979 ,Fairground (Albumversie),Simply Red,1995
1980 ,Detroit Rock City,KISS,1976
1981 ,The Road To Mandalay (Albumversie),Robbie Williams,2001
1982 ,Show Me Love,Robin S,1992
1983 ,For No One,The Beatles,1966
1984 ,Ik Wil Alleen Maar Zwemmen,Spinvis,2006
1985 ,Run Like Hell (Albumversie),Pink Floyd,1979
1986 ,Always On The Run,Lenny Kravitz,1991
1987 ,Blue Suede Shoes,Elvis Presley,1956
1988 ,Elevation,U2,2001
1989 ,When I'm Sixty-Four,The Beatles,1967
1990 ,Als Je Bij Me Weggaat,Acda en De Munnik,1997
1991 ,Budapest,George Ezra,2014
1992 ,Diamonds And Pearls,Prince & The New Power Generation,1991
1993 ,Grace,Jeff Buckley,1994
1994 ,Fame (Albumversie),David Bowie,1975
1995 ,Out In The Fields,Gary Moore & Phil Lynott,1985
1996 ,Once Upon A Time In The West,Dire Straits,1979
1997 ,Bobby Jean,Bruce Springsteen,1984
1998 ,De Langste Nacht,Goldband,2021
1999 ,It's The End Of The World As We Know It (Albumversie),R.E.M.,1987
2000 ,I Sat By The Ocean,Queens Of The Stone Age,2013
